STATE,NAME,CITY,URL
Alabama,Alabama Contemporary Art Center,,https://www.alabamacontemporary.org/
Alabama,Birmingham Civil Rights Institute,,http://www.bcri.org/
Alabama,Birmingham Museum of Art,,http://www.artsbma.org/
Alabama,Huntsville Museum of Art,,http://www.hsvmuseum.org/
Alabama,Jemison Carnegie Heritage Hall Museum and Arts Center,,https://www.heritagehallmuseum.org/
Alabama,Jule Collins Smith Museum at Auburn University,,http://jcsm.auburn.edu/
Alabama,Kentuck Museum,,https://www.kentuck.org/
Alabama,Mobile Museum of Art,,http://www.mobilemuseumofart.com/
Alabama,Montgomery Museum of Fine Arts,,http://www.mmfa.org/
Alabama,Vulcan Park and Museum,,http://visitvulcan.com/
Alabama,Abroms-Engel Institute for Visual Arts,Birmingham,http://www.uab.edu/cas/aeiva
Alabama,Carnegie Visual Arts Center,Decatur,http://www.carnegiearts.org/
Alaska,Anchorage Museum at Rasmuson Center,,http://www.anchoragemuseum.org/
Alaska,Palmer Museum of History and Art,,https://www.palmermuseum.org/
Alaska,Sheldon Museum and Cultural Center,,http://www.sheldonmuseum.org/
Alaska,The Kodiak History Museum,,https://kodiakhistorymuseum.org/
Alaska,Valdez Museum & Historical Archive,,http://www.valdezmuseum.org/
Arizona,Flagstaff Arts Council,,https://flagartscouncil.org/
Arizona,Kitt Peak National Observatory,,https://www.noao.edu/kpno/
Arizona,Phippen Museum,,https://www.phippenartmuseum.org/
Arizona,Phoenix Art Museum,,http://www.phxart.org/
Arizona,Scottsdale Museum of Contemporary Art,,http://www.smoca.org/
Arizona,Scottsdale Museum of the West,,https://scottsdalemuseumwest.org/
Arizona,Sedona Arts Center,,http://www.sedonaartscenter.org/
Arizona,Sedona Heritage Museum,,http://www.sedonamuseum.org/
Arizona,Tucson Museum of Art,,http://www.tucsonmuseumofart.org/
Arizona,Verde Valley Archaeology Center,Camp Verde,http://www.verdevalleyarchaeology.org/
Arizona,Museum of Northern Arizona,Flagstaff,http://www.musnaz.org/
Arizona,Heard Museum,Phoenix,http://www.heard.org/
Arizona,Museum of Contemporary Art,Tuscon,https://moca-tucson.org/
Arkansas,Fort Smith Regional Art Museum,,http://www.fsram.org/
Arkansas,The Momentary,,https://themomentary.org/
Arkansas,Crystal Bridges Museum of Contemporary American Art,Bentonville,http://crystalbridges.org/
Arkansas,South Arkansas Arts Center,El Dorado,http://www.saac-arts.org/
Arkansas,Arkansas Museum of Fine Arts,Little Rock,http://www.arkarts.com/
Bermuda,Bermuda National Gallery,Hamilton,http://www.bermudanationalgallery.com/
Bermuda,The Masterworks Museum of Bermuda Art,Paget,http://bermudamasterworks.com/
Brazil,Museu de Arte Moderna,Rio de Janeiro,http://www.museusdorio.com.br/joomla/index.php
California,Aerospace Museum of California,,https://aerospaceca.org/
California,Armory Center for the Arts,,https://www.armoryarts.org/
California,Arts Benicia,,http://artsbenicia.org/events/
California,Automobile Driving Museum,,http://www.automobiledrivingmuseum.org/
California,Autry Museum of the American West,,https://theautry.org/
California,Bakersfield Museum of Art,,http://bmoa.org/
California,Balboa Island Museum & Historical Society,,https://www.balboaislandmuseum.org/
California,Berkeley Art Center,,http://www.berkeleyartcenter.org/
California,Blackhawk Museum,,http://blackhawkmuseum.org/
California,Cabot’s Pueblo Museum,,https://www.cabotsmuseum.org/
California,California Automobile Museum,,https://www.calautomuseum.org/
California,Campbell Museums,,https://www.campbellmuseums.com/
California,Cantor Arts Center at Stanford University,,http://museum.stanford.edu/
California,Casa Romatica Cultural Center and Gardens,,https://www.casaromantica.org/
California,Catalina Island Museum,,http://www.catalinamuseum.org/
California,Center for Photographic Art,,https://photography.org/
California,Channel Islands Maritime Museum,,http://www.cimmvc.org/
California,Chinese American Historical Museum (CAHM),,http://chcp.org/cah-museum/
California,Chinese Culture Center of San Franisco,,https://www.cccsf.us/
California,Chinese Historical Society of America,,https://chsa.org/
California,Claremont Museum of Art,,http://claremontmuseum.org/
California,Clarke Historical Museum,,http://www.clarkemuseum.org/
California,Contemporary Jewish Museum,,https://www.thecjm.org/
California,Coronado Museum of History and Art,,http://coronadohistory.org/
California,Craft Contemporary,,http://www.cafam.org/
California,Dana Point Ocean Institute,,http://www.ocean-institute.org/
California,Davis Arts Center,,http://www.davisartscenter.org/
California,Doug Adams Gallery,,https://www.gtu.edu/events/exhibitions/doug-adams-gallery
California,Fine Arts Museums of San Francisco,,http://www.famsf.org/
California,Fresno Art Museum,,http://www.fresnoartmuseum.org/
California,Fullerton Arboretum,,https://fullertonarboretum.org/
California,Fullerton Museum Center,,http://cityoffullerton.com/depts/museum/
California,GLBT Historical Society,,https://www.glbthistory.org/
California,Great Valley Museum,,https://www.mjc.edu/instruction/sme/gvm/
California,Green Dragon Tavern and Museum,,https://greendragontavernca.com/
California,Guadalupe-Nipomo Dunes Center,,http://www.dunescenter.org/
California,Hammer Museum,,https://hammer.ucla.edu/
California,Hayward Area Historical Society,,http://www.haywardareahistory.org/
California,Healdsburg Museum & Historical Society,,http://www.healdsburgmuseum.org/
California,Highland Art Center,,https://www.highlandartcenter.org/
California,International House Davis,,http://www.internationalhousedavis.org/
California,Kala Art Institute,,http://www.kala.org/
California,Knight Foundry,,https://knightfoundry.com/
California,Laguna Art Museum,,http://lagunaartmuseum.org/
California,Lancaster Museum of Art and History,,http://lancastermoah.org/
California,Letterform Archive,,https://letterformarchive.org/
California,Long Beach Museum of Art,,http://www.lbma.org/
California,Los Altos History Museum,,https://www.losaltoshistory.org/
California,Los Angeles Contemporary Exhibitions,,http://www.welcometolace.org/
California,Los Angeles County Museum of Art,,http://www.lacma.org/
California,March Field Air Museum,,https://www.marchfield.org/
California,Mission Inn Foundation and Museum,,https://missioninnmuseum.org/
California,Monterey Museum of Art,,http://www.montereyart.org/
California,Museum of Contemporary Art Santa Barbara,,http://www.mcasantabarbara.org/
California,Museum of Northern California Art (monca),,https://www.monca.org/
California,Museum of the African Diaspora,,http://www.moadsf.org/
California,Museum of Ventura County,,http://www.venturamuseum.org/
California,Museums of Sonoma County,,http://www.sonomacountymuseum.org/
California,New Museum Los Gatos (NUMU),,http://www.numulosgatos.org/
California,NIAD Art Center,,http://niadart.org/
California,Oakland Museum of California,,http://www.museumca.org/
California,Ocean Institute,,https://www.ocean-institute.org/
California,Oceanside Museum of Art,,http://www.oma-online.org/
California,Ojai Valley Museum of History and Art,,http://www.ojaivalleymuseum.org/
California,Pajaro Valley Arts,,http://www.pajarovalleyartscouncil.org/
California,Palm Springs Art Museum,,http://www.psmuseum.org/
California,Palo Alto Art Center,,http://www.cityofpaloalto.org/gov/depts/csd/artcenter/
California,Palos Verdes Art Center / Beverly G. Alpay Center for Arts Education,,https://pvartcenter.org/
California,Pasadena Museum of History,,http://www.pasadenahistory.org/
California,Patrick Ranch Museum,,https://www.patrickranchmuseum.org/
California,Pence Gallery,,http://www.pencegallery.org/
California,Petaluma Arts Center,,https://petalumaartscenter.org/
California,Petaluma Historical Library and Museum,,http://www.petalumamuseum.com/
California,Powerhouse Science Center Discovery Campus,,https://powerhousesc.org/
California,RAFFMA,,https://www.csusb.edu/raffma
California,Ranch Los Alamitos Historic Ranch & Gardens,,https://www.rancholosalamitos.com/
California,Rancho Nipomo Dana Adobe,,http://www.danaadobe.org/
California,Richmond Art Center,,http://www.therac.org/
California,Riverside Art Museum,,http://www.riversideartmuseum.org/
California,Ruth Bancroft Garden,,https://www.ruthbancroftgarden.org/
California,Sacramento Children’s Museum,,https://sackids.org/
California,Sacramento History Museum,,http://www.historicoldsac.org/
California,Saint Mary’s College Museum of Art,,https://www.stmarys-ca.edu/saint-marys-college-museum-of-art
California,San Diego Archaeological Center,,https://sandiegoarchaeology.org/
California,San Diego Automotive Museum,,http://sdautomuseum.org/
California,San Diego History Center,,http://www.sandiegohistory.org/
California,San Diego Museum of Art,,http://www.thesandiegomuseumofart.org/
California,San Francisco Museum of Modern Art,,http://www.sfmoma.org/
California,San Francisco Women Artists Gallery,,http://www.sfwomenartists.org/
California,San Joaquin County Historical Society & Museum,,http://www.sanjoaquinhistory.org/
California,San Jose Institute of Contemporary Art,,http://www.sjica.org/
California,San Jose Museum of Art,,http://www.sjmusart.org/
California,San Jose Museum of Quilts & Textiles,,http://www.sjquiltmuseum.org/
California,San Mateo County History Museum,,http://www.historysmc.org/
California,Santa Barbara Historical Museum,,https://www.sbhistorical.org/
California,Santa Barbara Museum of Art,,http://www.sbmuseart.org/
California,Santa Cruz Art League,,https://scal.org/
California,Santa Cruz Museum of Art & History,,https://santacruzmah.org/
California,Santa Ynez Valley Historical Museum,,https://www.santaynezmuseum.org/
California,Sasse Museum of Art,,https://sasseartmuseum.org/
California,Seymour Marine Discovery Center,,https://seymourcenter.ucsc.edu/
California,Sierra Mono Museum,,https://sierramonomuseum.org/
California,Sonoma Valley Museum of Art,,http://www.svma.org/
California,Surfing Heritage Foundation,,http://www.surfingheritage.org/
California,Tenderloin Museum,,http://www.tenderloinmuseum.org/
California,The Chico Museum,,https://chicohistorymuseum.org/
California,The Junior Center of Art and Science,,https://juniorcenter.org/
California,The Lynda Fairly Carpinteria Arts Center,,https://www.carpinteriaartscenter.org/
California,The Paley Center for Media,,https://www.paleycenter.org/
California,UCR ARTS,,https://ucrarts.ucr.edu/
California,University of California at Berkeley Art Museum,,http://www.bampfa.berkeley.edu/
California,University of California Davis Arboretum and Public Garden,,http://arboretum.ucdavis.edu/
California,University of California Santa Cruz,,http://arboretum.ucsc.edu/
California,USC Pacific Asia Museum,,http://www.pacificasiamuseum.org/
California,USS Pampanito,,https://maritime.org/uss-pampanito/
California,Verge Center for the Arts,,http://vergeart.com/
California,Vincent Price Art Museum,,http://vincentpriceartmuseum.org/
California,Westmont Ridley-Tree Museum of Art,,https://www.westmont.edu/museum/5x5.html
California,Wildling Museum of Art & Nature,,https://wildlingmuseum.org/
California,YoloArts/Yolo County Arts Council,,https://yoloarts.org/
California,MUZEO Museum,Anaheim,http://www.muzeo.org/
California,Kern County Museum,Bakersfield,http://www.kcmuseum.org/
California,University of California Botanical Garden,Berkeley,http://botanicalgarden.berkeley.edu/
California,Janet Turner Print Museum,Chico,http://www.janetturner.org/welcome/index.php
California,Valene L. Smith Museum of Anthropology,Chico,http://www.csuchico.edu/anthmuseum/
California,Museum of San Ramon Valley,Danville,http://www.museumsrv.org/
California,Jan Shrem and Maria Manetti Shrem Museum of Art,Davis,http://manettishremmuseum.ucdavis.edu/
California,Art,Design & Architecture Museum,https://www.museum.ucsb.edu/
California,Lux Art Institute,Encinitas,http://www.luxartinstitute.org/
California,Morris Graves Museum of Art,Eureka,http://www.humboldtarts.org/
California,Rancho La Patera and Stow House,Goleta,http://stowhouse.com/
California,Coachella Valley History Museum,Indio,http://www.coachellavalleymuseum.org/
California,Railtown 1897 State Historic Park,Jamestown,http://www.railtown1897.org/
California,Museum of Contemporary Art San Diego,La Jolla,http://www.mcasandiego.org/
California,Earl Burns Miller Japanese Garden,Long Beach,http://www.csulb.edu/~jgarden/
California,Museum of Latin American Art (MoLAA),Long Beach,http://www.molaa.com/
California,University Art Museum,Long Beach,http://www.csulb.edu/carolyn-campagna-kleefeld-contemporary-art-museum
California,Chinese American Museum,Los Angeles,http://www.camla.org/
California,Fowler Museum at UCLA,Los Angeles,http://www.fowler.ucla.edu/
California,Grammy Museum,Los Angeles,http://www.grammymuseum.org/
California,Institute of Contemporary Art,Los Angeles,https://www.theicala.org/en
California,Japanese American National Museum,Los Angeles,http://www.janm.org/
California,LA Plaza de Cultura y Artes,Los Angeles,http://www.lapca.org/
California,Museum of Contemporary Art (MOCA),Los Angeles,http://www.moca.org/
California,Skirball Cultural Center,Los Angeles,http://www.skirball.org/
California,di Rosa,Napa,http://www.dirosaart.org/
California,Marin Museum of Contemporary Art,Novato,http://www.marinmoca.org/default.aspx
California,Pro Arts,Oakland,http://www.proartsgallery.org/
California,Carnegie Art Museum,Oxnard,http://www.carnegieam.org/
California,Pacific Art League,Palo Alto,http://www.pacificartleague.org/
California,American Museum of Ceramic Art,Pomona,http://www.ceramicmuseum.org/
California,Blue Line Arts,Roseville,http://bluelinearts.org/
California,Maidu Museum & Historic Site,Roseville,http://www.roseville.ca.us/indianmuseum
California,California Museum,Sacramento,http://www.californiamuseum.org/
California,California State Railroad Museum,Sacramento,http://www.csrmf.org/
California,Crocker Art Museum,Sacramento,http://www.crockerartmuseum.org/
California,Junipero Serra Museum,San Diego,http://www.sandiegohistory.org/
California,Mingei International Museum,San Diego,http://www.mingei.org/
California,Museum of Photographic Arts,San Diego,http://www.mopa.org/
California,Timken Museum of Art,San Diego,http://www.timkenmuseum.org/
California,"Visions Art Museum, Contemporary Quilts and Textiles",San Diego,http://www.visionsartmuseum.org/
California,Asian Art Museum,San Francisco,http://www.asianart.org/
California,California Historical Society Museum,San Francisco,http://www.californiahistoricalsociety.org/
California,Cartoon Art Museum,San Francisco,http://cartoonart.org/
California,de Young Museum of Fine Arts,San Francisco,http://deyoung.famsf.org/
California,Haas-Lilienthal House,San Francisco,http://www.sfheritage.org/
California,Legion of Honor (Lincoln Park),San Francisco,http://legionofhonor.famsf.org/
California,Museum of Craft and Design,San Francisco,http://www.sfmcd.org/
California,Walt Disney Family Museum,San Francisco,http://www.waltdisney.org/
California,Marin History Museum,San Rafael,http://www.marinhistory.org/index.php
California,Bowers Museum,Santa Ana,http://www.bowers.org/
California,de Saisset Museum,Santa Clara,http://www.scu.edu/deSaisset/
California,Triton Museum of Art,Santa Clara,http://www.tritonmuseum.org/
California,Museum of Ventura County’s Agriculture Museum,Santa Paula,http://www.venturamuseum.org/
California,Charles M. Schulz Museum,Santa Rosa,http://www.schulzmuseum.org/
California,Sonoma County Museum,Santa Rosa,http://www.sonomacountymuseum.org/
California,Haggin Museum,Stockton,http://www.hagginmuseum.org/
California,Carnegie Art Center,Turlock,https://www.carnegieartsturlock.org/
California,Grace Hudson Museum and Sun House,Ukiah,http://www.gracehudsonmuseum.org/
California,Heidrick Ag History Center,Woodland,http://www.aghistory.org/
California,Napa Valley Museum,Yountville,http://www.napavalleymuseum.org/
Canada,Art Gallery of Alberta,,https://www.youraga.ca/
Canada,Art Gallery of Southwestern Manitoba,,https://agsm.ca/
Canada,Beaverbrook Art Gallery,,http://beaverbrookartgallery.org/en
Canada,Confederation Centre of the Arts,,http://www.confederationcentre.com/
Canada,Judith & Norman Alix Art Gallery,,http://jnaag.ca/
Canada,Kamloops Art Gallery,,http://www.kag.bc.ca/
Canada,MacKenzie Art Gallery,,http://www.mackenzieartgallery.ca/
Canada,Museum of Contemporary Art Toronto Canada,,http://www.mocca.ca/
Canada,New Brunswick Museum,,https://www.nbm-mnb.ca/
Canada,Textile Museum of Canada,,http://www.textilemuseum.ca/home
Canada,Vernon Public Art Gallery,,https://www.vernonpublicartgallery.com/
Canada,Winnipeg Art Gallery,,http://wag.ca/
Canada,Mercer Union,A Centre for Contemporary Art,http://www.mercerunion.org/
Canada,"Esker Foundation, Calgary",AB,https://eskerfoundation.com/
Canada,"Glenbow Museum, Calgary",AB,http://www.glenbow.org/
Canada,"Hangar Flight Museum, Calgary",AB,https://www.thehangarmuseum.ca/
Canada,Art Gallery of Greater Victoria,BC,http://aggv.ca/
Canada,Kelowna Art Gallery,BC,http://www.kelownaartgallery.com/
Canada,"Robert Bateman Centre, Victoria",BC,https://batemancentre.org/
Canada,Vancouver Art Gallery,BC,http://www.vanartgallery.bc.ca/
Canada,Art Gallery of Nova Scotia,Halifax,http://www.artgalleryofnovascotia.ca/
Canada,"Canadian Museum for Human Rights, Winnipeg",MB,https://humanrights.ca/
Canada,"Plug In Institute of Contemporary Art, Winnipeg",MB,https://plugin.org/
Canada,Shelburne’s Historic Waterfront – Museums by the Sea,Nova Scotia,https://www.shelburnemuseums.com/
Canada,"Aga Kahn, Toronto",ON,http://www.akdn.org/museum/
Canada,Art Gallery of Guelph,ON,http://artgalleryofguelph.ca/
Canada,Art Gallery of Hamilton,ON,http://www.artgalleryofhamilton.com/
Canada,Art Gallery of Mississauga,ON,http://www.artgalleryofmississauga.com/
Canada,"Art Gallery of Ontario, Toronto",ON,http://www.ago.net/
Canada,Art Gallery of Sudbury,ON,http://artgalleryofsudbury.myshopify.com/
Canada,"Bata Shoe Museum, Toronto",ON,http://www.batashoemuseum.ca/
Canada,"Canadian Clay & Glass Gallery, Waterloo",ON,http://www.theclayandglass.ca/
Canada,"Gardiner Museum of Ceramic Art, Toronto",ON,http://www.gardinermuseum.on.ca/
Canada,Grimsby Museum,ON,https://www.grimsby.ca/en/parks-recreation-culture/museum.aspx
Canada,"McMichael Canadian Art Collection, Kleinburg",ON,http://www.mcmichael.com/
Canada,Mississippi Valley Textile Museum,ON,https://mvtm.ca/
Canada,National Gallery of Canada,ON,https://www.gallery.ca/
Canada,"Royal Ontario Museum, Toronto",ON,http://www.rom.on.ca/
Canada,Station Gallery,ON,https://www.stationgallery.ca/
Canada,Tom Thomson Art Gallery,ON,http://www.textilemuseum.ca/home
Canada,"Canadian Centre for Architecture, Montreal",QC,http://www.cca.qc.ca/
Canada,"McCord Museum of Canadian History, Montreal",QC,http://www.mccord-museum.qc.ca/
Canada,Montreal Museum of Fine Arts,QC,http://www.mbam.qc.ca/en/
Canada,Musee d’art contemporain des Laurentides,QC,https://www.maclau.ca/
Canada,Musée de la civilisation,QC,https://www.mcq.org/en
Canada,"Remai Modern, Saskatoon",SK,https://remaimodern.org/
Colorado,Aspen Art Museum,,http://www.aspenartmuseum.org/
Colorado,Boulder History Museum,,http://boulderhistory.org/
Colorado,Boulder Museum of Contemporary Art,,http://www.bmoca.org/
Colorado,Colorado Snowsports Museum and Hall of Fame,,https://www.snowsportsmuseum.org/
Colorado,Colorado Springs Fine Arts Center,,http://www.csfineartscenter.org/
Colorado,Denver Art Museum,,https://denverartmuseum.org/
Colorado,Denver Firefighters Museum,,https://denverfirefightersmuseum.org/
Colorado,Durango Arts Center,,http://durangoarts.org/
Colorado,Fort Collins Museum of Contemporary Art,,http://www.ftcma.org/
Colorado,Golden History Museums,,http://www.goldenhistory.org/
Colorado,Longmont Museum,,https://www.longmontcolorado.gov/departments/departments-e-m/museum
Colorado,Clyfford Still Museum,Denver,http://clyffordstillmuseum.org/
Colorado,Molly Brown House Museum,Denver,http://www.mollybrown.org/
Colorado,Museum of Contemporary Art,Denver,http://www.mcadenver.org/
Colorado,Foothills Art Center,Golden,http://www.foothillsartcenter.org/#feature1
Colorado,Western Colorado Center for the Arts,Grand Junction,http://www.gjartcenter.org/
Colorado,Historic Georgetown,Inc. Hamill House Museum,https://www.historicgeorgetown.org/
Colorado,National Mining Hall of Fame and Museum,Leadville,http://www.mininghalloffame.org/
Colorado,Center for Visual Art,MSU Denver,https://www.msudenver.edu/cva/
Connecticut,America’s First Law School,,https://www.litchfieldhistoricalsociety.org/museums/tapping-reeve-house-and-law-school/
Connecticut,Connecticut River Museum,,http://www.ctrivermuseum.org/
Connecticut,Harriet Beecher Stowe Center,,https://www.harrietbeecherstowecenter.org/
Connecticut,Hill-Stead Museum,,https://www.hillstead.org/
Connecticut,Ireland’s Great Hunger Museum,,https://www.ighm.org/
Connecticut,Keeler Tavern Museum & History Center,,https://keelertavernmuseum.org/
Connecticut,Litchfield History Museum,,https://www.litchfieldhistoricalsociety.org/
Connecticut,Lyman Allyn Art Museum,,https://www.lymanallyn.org/
Connecticut,Mattatuck Museum,,http://mattatuckmuseum.org/
Connecticut,New Britain Youth Museum and Nature Center,,https://www.newbritainyouthmuseum.org/
Connecticut,New Britian Museum of American Art,,http://www.nbmaa.org/
Connecticut,New England Air Museum,,https://www.neam.org/
Connecticut,Stanley-Whitman House,,http://www.noahwebsterhouse.org/
Connecticut,Yale Center for British Art,,https://britishart.yale.edu/
Connecticut,Yale Peabody Museum of Natural History,,http://peabody.yale.edu/
Connecticut,Yale University Art Gallery,,https://artgallery.yale.edu/
Connecticut,Bruce Museum,Greenwich,http://www.brucemuseum.org/
Connecticut,Connecticut Historical Society,Hartford,http://www.chs.org/
Connecticut,Mark Twain House & Museum,Hartford,http://www.marktwainhouse.org/
Connecticut,Wadsworth Atheneum Museum of Art,Hartford,http://www.wadsworthatheneum.org/
Connecticut,Aldrich Contemporary Art Museum,Ridgefield,http://www.aldrichart.org/
Connecticut,"William Benton Museum of Art, University of Connecticut",Storrs,http://www.thebenton.org/
Connecticut,Davison Art Center,Wesleyan University,http://wesleyan.edu/dac
Connecticut,Noah Webster House & West Hartford Historical Society,West Hartford,https://s-wh.org/
Delaware,Delaware Art Museum,,https://www.delart.org/
Delaware,Delaware Museum of Natural History,,http://delmnh.org/
Delaware,Historic Odessa Foundation,,http://www.historicodessa.org/
Delaware,New Castle Historical Society,,https://www.newcastlehistory.org/
Delaware,The Delaware Contemporary,,http://www.thedcca.org/
Delaware,Winterthur Museum & Country Estate,,http://www.winterthur.org/
Delaware,Biggs Museum of American Art,Dover,http://www.biggsmuseum.org/
Delaware,Hagley Museum and Library,Wilmington,http://www.hagley.org/
District of Columbia,American University Museum,,http://www.american.edu/cas/museum
District of Columbia,Corcoran Gallery of Art,,http://www.corcoran.org/
District of Columbia,Dumbarton House,,http://dumbartonhouse.org/
District of Columbia,International Arts and Artists’ Hillyer Art Space,,http://www.artsandartists.org/
District of Columbia,Jewish Historical Society of Greater Washington/Lilian & Albert Small Jewish Museum,,http://www.jhsgw.org/
District of Columbia,Kreeger Museum,,http://www.kreegermuseum.org/
District of Columbia,National Building Museum,,http://www.nbm.org/
District of Columbia,National Portrait Gallery,,https://npg.si.edu/
District of Columbia,Phillips Collection,,http://www.phillipscollection.org/
District of Columbia,Smithsonian American Art Museum and Renwick Gallery,,https://americanart.si.edu/
District of Columbia,The George Washington University Museum and The Textile Museum,,https://museum.gwu.edu/
District of Columbia,Tudor Place Historic House and Garden,,http://www.tudorplace.org/
District of Columbia,Historical Society of Washington,DC,http://www.historydc.org/
District of Columbia,Hillwood Estate,Museum and Gardens,http://www.hillwoodmuseum.org/
El Salvador,Museo de Arte de El Salvador,San Salvador,http://www.marte.org.sv/
Florida,Anna Maria Island Historical Museum,,http://www.amihs.org/
Florida,Art Center Sarasota,,https://www.artsarasota.org/
Florida,Clewiston Museum,,http://www.clewistonmuseum.org/
Florida,Coral Springs Museum of Art,,http://www.coralspringsmuseum.org/
Florida,Cultural Center at Ponte Vedra Beach,,http://www.ccpvb.org/
Florida,Cultural Council of Palm Beach County,,https://www.palmbeachculture.com/
Florida,Dunedin Fine Art Center,,http://www.dfac.org/
Florida,Elliott Museum,,https://elliottmuseum.org/
Florida,Everglades Wonder Gardens,,https://evergladeswondergardens.com/
Florida,Florida Agricultural Museum,,http://www.floridaagmuseum.org/
Florida,Florida CraftArt,,http://www.floridacraftsmen.net/
Florida,Henry B. Plant Museum,,https://www.plantmuseum.com/
Florida,History of Diving Museum,,https://www.divingmuseum.org/
Florida,House of Refuge,,https://houseofrefugefl.org/
Florida,Imagine Museum,,https://www.imaginemuseum.com/
Florida,Jacksonville Historical Society,,https://www.jaxhistory.org/
Florida,Lightner Museum,,https://lightnermuseum.org/
Florida,Manatee County Agricultural Museum,,http://manateecountyagmuseum.com/
Florida,Marco Island Center for the Arts,,https://marcoislandart.org/
Florida,Marco Island Historical Society,,https://themihs.info/
Florida,Modernism Museum Mount Dora,,http://www.modernismmuseum.org/
Florida,Morean Arts Center,,http://www.moreanartscenter.org/
Florida,Mound House,,https://moundhouse.org/
Florida,Mount Dora Center for the Arts,,http://www.mountdoracenterforthearts.org/
Florida,Naples Art Association,,http://www.naplesart.org/
Florida,NSU Art Museum Fort Lauderdale,,http://www.moafl.org/
Florida,Orlando Museum of Art,,http://www.omart.org/
Florida,Ormond Beach Memorial Art Museum and Gardens,,http://ormondartmuseum.org/
Florida,Pensacola Museum of Art,,http://www.pensacolamuseumofart.org/
Florida,Sanibel Historical Museum & Village,,https://sanibelmuseum.org/
Florida,Sarasota Museum of Art,,https://www.ringling.edu/museum
Florida,Sidney & Berne Davis Art Center,,https://www.sbdac.com/
Florida,Tampa Bay History Center,,http://www.tampabayhistorycenter.org/
Florida,Tampa Museum of Art,,http://www.tampamuseum.org/
Florida,The Dalí Museum,,http://thedali.org/
Florida,UWF Historic Trust/Pensacola Children’s Museum,,http://www.historicpensacola.org/plan-your-visit/museums-properties/pensacola-childrens-museum/
Florida,UWF Historic Trust/Tivoli High House,,http://www.historicpensacola.org/plan-your-visit/museums-properties/tivoli-high-house/
Florida,UWF Historic Trust/Voices of Pensacola,,https://historicpensacola.org/plan-your-visit/museums-properties/voices-of-pensacola/
Florida,Vero Beach Museum of Art,,http://www.verobeachmuseum.org/
Florida,Young at Art Museum,,https://www.youngatartmuseum.org/
Florida,Boca Raton Museum of Art,Boca Raton,http://www.bocamuseum.org/
Florida,Ah-Tah-Thi-Ki Museum at Big Cypress,Clewiston,http://www.ahtahthiki.com/
Florida,Lowe Art Museum/University of Miami,Coral Gables,http://www.lowemuseum.org/
Florida,Flordia Maritime Museum,Cortez,http://www.manateeclerk.com/historical/MaritimeMuseum
Florida,Museum of Arts and Sciences,Daytona Beach,http://www.moas.org/
Florida,Museum of Florida Art,Deland,http://www.museumoffloridaart.org/
Florida,Lake Eustis Museum of Art,Eustis,http://lakeeustismuseumofart.org/
Florida,Amelia Island Museum of History,Fernandina Beach,http://www.ameliamuseum.org/
Florida,Museum of Art – DeLand,Florida,https://moartdeland.org/
Florida,Edison and Ford Winter Estates,Fort Myers,http://www.edisonfordwinterestates.org/
Florida,A.E. Backus Museum of Art,Fort Pierce,http://www.backusmuseum.com/
Florida,Harn Museum of Art,Gainesville,http://www.harn.ufl.edu/
Florida,Samuel P. Harn Museum of Art,Gainesville,http://www.harn.ufl.edu/
Florida,Lighthouse Art Center Museum,Gallery & School of Art,http://www.lighthousearts.org/
Florida,Art and Culture Center,Hollywood,http://www.artandculturecenter.org/
Florida,Revs Institute for Automotive Research,Inc.,http://revsinstitute.org/
Florida,Cummer Museum of Art and Gardens,Jacksonville,http://www.cummer.org/
Florida,Museum of Contemporary Art,Jacksonville,http://mocajacksonville.unf.edu/
Florida,Beaches Museum & Historical Park,Jacksonville Beach,http://beachesmuseum.org/
Florida,UWF Historic Trust/T. T. Wentworth,Jr. Florida State Museum,http://www.historicpensacola.org/plan-your-visit/museums-properties/tt-wentworth-museum/
Florida,Osceola County Pioneer Village and Museum,Kissimmee,http://osceolahistory.com/
Florida,Polk Museum of Art,Lakeland,http://www.polkmuseumofart.org/
Florida,Art and History Museums,Maitland,http://maitlandartcenter.org/
Florida,Foosaner Art Museum,Melbourne,http://www.foosanerartmuseum.org/
Florida,History Miami,Miami,http://www.walkerart.org/membership/://www.historymiami.org
Florida,Patricia & Phillip Frost Art Museum,Miami,http://thefrost.fiu.edu/
Florida,Pérez Art Museum,Miami,http://www.pammiami.org/
Florida,Bass Museum of Art,Miami Beach,http://www.bassmuseum.org/
Florida,Wolfsonian-FIU,Miami Beach,http://www.wolfsonian.org/
Florida,"Baker Museum, Artis-Naples",Naples,http://artisnaples.org/museum
Florida,Museum of Contemporary Art,North Miami,http://www.mocanomi.org/
Florida,Appleton Museum of Art,Ocala,http://www.appletonmuseum.org/
Florida,Mennello Museum of American Art,Orlando,http://www.mennellomuseum.com/
Florida,Orange County Regional History Center,Orlando,http://www.thehistorycenter.org/
Florida,Historic Spanish Point,Osprey,http://www.historicspanishpoint.org/
Florida,Visual Arts Center,Punta Gorda,http://www.visualartcenter.org/
Florida,Gadsden Arts Center,Quincy,http://www.gadsdenarts.org/
Florida,Bailey-Matthews Shell Museum,Sanibel Island,http://www.shellmuseum.org/
Florida,John and Mable Ringling Museum of Art,Sarasota,http://www.ringling.org/
Florida,Florida Holocaust Museum,St. Petersburg,http://www.flholocaustmuseum.org/
Florida,Great Explorations Children’s Museum,St. Petersburg,http://www.greatexplorations.org/
Florida,Museum of Fine Arts,St. Petersburg,http://www.fine-arts.org/
Florida,Goodwood Museum and Gardens,Tallahassee,http://www.goodwoodmuseum.org/
Florida,LeMoyne Center for the Visual Arts,Tallahassee,http://www.lemoyne.org/
Florida,Florida Museum of Photographic Arts,Tampa,http://www.fmopa.org/
Florida,Leepa-Rattner Museum of Art,Tarpon Springs,http://www.spcollege.edu/museum
Florida,Armory Art Center,West Palm Beach,https://www.armoryart.org/
Florida,Norton Museum of Art,West Palm Beach,http://www.norton.org/
Florida,Cornell Fine Arts Museum,Winter Park,http://www.rollins.edu/cfam/
Georgia,Albany Museum of Art,,http://www.albanymuseum.com/
Georgia,Andrew Low House,,http://www.andrewlowhouse.com/
Georgia,Atlanta Contemporary Art Center,,http://atlantacontemporary.org/
Georgia,Atlanta History Center,,http://www.atlantahistorycenter.com/
Georgia,Augusta Museum of History,,http://www.augustamuseum.org/
Georgia,Columbus Museum,,http://www.columbusmuseum.com/
Georgia,DeKalb History Center,,https://dekalbhistory.org/
Georgia,Foxfire Museum and Heritage Center,,https://www.foxfire.org/
Georgia,Johns Creek Arts Center,,http://www.johnscreekarts.org/
Georgia,Marietta Museum of History,,http://www.mariettahistory.org/
Georgia,Milton Historical Society,,https://www.miltongahistoricalsociety.com/
Georgia,Museum of Contemporary Art of Georgia,,http://www.mocaga.org/
Georgia,Museum of Design Atlanta,,http://www.museumofdesign.org/
Georgia,Quinlan Visual Arts Center,,https://www.quinlanartscenter.org/
Georgia,Smith-Gilbert Gardens,,https://smithgilbertgardens.com/
Georgia,Georgia Museum of Art/University of Georgia,Athens,http://georgiamuseum.org/
Georgia,Breman Jewish Heritage & Holocaust Museum,Atlanta,http://www.thebreman.org/
Georgia,High Museum of Art,Atlanta,http://www.high.org/
Georgia,Michael C. Carlos Museum at Emory University,Atlanta,http://www.carlos.emory.edu/
Georgia,National Center for Civil and Human Rights,Atlanta,http://www.civilandhumanrights.org/
Georgia,Morris Museum of Art,Augusta,http://themorris.org/
Georgia,Gwinnett Environmental & Heritage Center,Buford,http://www.gwinnettehc.org/
Georgia,National Civil War Naval Museum,Columbus,http://www.portcolumbus.org/
Georgia,Tubman African American Museum,Macon,http://www.tubmanmuseum.com/
Georgia,National Museum of the Mighty Eighth Air Force,Pooler,http://mightyeighth.org/
Georgia,Telfair Museum of Art,Savannah,http://telfair.org/
Georgia,Glynn Art Association,St Simons Island,http://www.glynnvisualarts.org/
Georgia,Pebble Hill Plantation,Thomasville,http://www.pebblehill.com/
Hawaii,Donkey Mill Art Center,,https://donkeymillartcenter.org/
Hawaii,Hawaiian Mission Houses Historic Site and Archives,,http://www.missionhouses.org/
Hawaii,Volcano Art Center,,http://www.volcanoartcenter.org/
Idaho,Boise Art Museum,,http://www.boiseartmuseum.org/
Idaho,Art Museum of Eastern Idaho,Idaho Falls,http://www.theartmuseum.org/
Illinois,American Writers Museum,,https://americanwritersmuseum.org/
Illinois,Art Institute of Chicago,,http://www.artic.edu/
Illinois,Chicago History Museum,,https://www.chicagohistory.org/
Illinois,DuSable Museum of African American History,,http://www.dusablemuseum.org/
Illinois,Elmhurst Art Museum,,http://www.elmhurstartmuseum.org/
Illinois,Evanston Art Center,,https://www.evanstonartcenter.org/
Illinois,Freeport Art Museum,,http://www.freeportartmuseum.org/
Illinois,Illinois Holocaust Museum & Education Center,,https://www.ilholocaustmuseum.org/
Illinois,Jacoby Arts Center,,https://www.jacobyartscenter.org/
Illinois,Leather Archives and Museum,,http://www.leatherarchives.org/
Illinois,Perfume Passage Foundation,,https://www.perfumepassage.org/
Illinois,Pleasant Home,,https://www.pleasanthome.org/
Illinois,Renaissance Society at the University of Chicago,,https://renaissancesociety.org/
Illinois,Springfield Art Association of Edwards Place,,https://www.springfieldart.org/
Illinois,McLean County Arts Center,Bloomington,http://www.mcac.wildapricot.org/
Illinois,Krannert Art Museum & Kinkead Pavilion/University of Illinois at Urbana-Champaign,Champaign,http://www.kam.uiuc.edu/
Illinois,Intuit: Center for Intuitive and Outsider Art,Chicago,http://www.art.org/
Illinois,"Loyola University Museum of Art, LUMA",Chicago,http://www.luc.edu/luma/
Illinois,Museum of Contemporary Art,Chicago,http://www.mcachicago.org/
Illinois,Oriental Institute,Chicago,http://oi.uchicago.edu/
Illinois,Richard H. Driehaus Museum,Chicago,http://www.driehausmuseum.org/
Illinois,Museum of Contemporary Photography,Columbia College,https://www.mocp.org/
Illinois,"Mary and Leigh Block Museum of Art, Northwestern University",Evanston,http://www.blockmuseum.northwestern.edu/
Illinois,Mitchell Museum of the American Indian,Evanston,http://www.mitchellmuseum.org/
Illinois,Peoria Riverfront Museum University,Evanston,http://www.peoriariverfrontmuseum.org/
Illinois,Cedarhurst Center for the Arts,Mt. Vernon,http://www.cedarhurst.org/
Illinois,Midwest Museum of Natural History,Sycamore,http://www.mmnh.org/
Illinois,Smart Museum of Art,University of Chicago,http://smartmuseum.uchicago.edu/
Illinois,Spurlock Museum,Urbana,http://www.spurlock.illinois.edu/
Illinois,Cuneo Mansion and Gardens,Vernon Hills,http://www.luc.edu/cuneo
Indiana,Art Museum of Greater Lafayette,,http://www.artlafayette.org/
Indiana,Auburn Cord Duesenberg Automobile Museum,,https://automobilemuseum.org/
Indiana,Evansville Wartime Museum,,https://www.evansvillewartimemuseum.org/
Indiana,Fort Wayne Museum of Art,,http://www.fwmoa.org/
Indiana,Gabis Arboretum at Purdue Northwest,,https://www.pnw.edu/gabis-arboretum/
Indiana,Haan Museum of Indiana Art,,https://haanmuseum.org/
Indiana,Indiana State Museum and Historic Sites,,https://www.indianamuseum.org/
Indiana,Indianapolis Art Center,,http://apm.activecommunities.com/indianapolisartcenter
Indiana,Lubeznik Center for the Art,,http://www.lubeznikcenter.org/
Indiana,Minnetrista,,http://www.minnetrista.net/
Indiana,Monroe County History Center,,https://monroehistory.org/
Indiana,Newfields,,http://www.discovernewfields.org/
Indiana,Red Skelton Museum of American Comedy,,http://redskeltonmuseum.org/
Indiana,South Bend Museum of Art,,http://www.southbendart.org/
Indiana,Evansville Museum of Arts,History & Science,https://emuseum.org/
Indiana,Swope Art Museum,Terra Haute,http://www.swope.org/
Indiana,Snite Museum of Art,University of Norte Dame,http://sniteartmuseum.nd.edu/
Iowa,Cedar Rapids Museum of Art,,http://www.crma.org/
Iowa,Des Moines Art Center,,http://www.desmoinesartcenter.org/
Iowa,Dubuque Museum of Art,,http://www.dbqart.com/
Iowa,Grout Museum District,,https://www.groutmuseumdistrict.org/
Iowa,Iowa Quilt Museum,,http://iowaquiltmuseum.org/
Iowa,Johnson County Historical Society,,https://johnsoncountyhistory.org/
Iowa,Oskaloosa Art Center and Studios,,https://www.faceofmahaska.com/
Iowa,Pearson Lakes Art Center,,http://lakesart.org/
Iowa,Sioux City Art Center,,http://www.siouxcityartcenter.org/
Iowa,Vesterheim Norwegian-American Museum,,https://vesterheim.org/
Iowa,Waterloo Center for the Arts,,http://www.waterloocenterforthearts.org/
Iowa,African American Museum of Iowa,Cedar Rapids,http://www.blackiowa.org/
Iowa,National Czech & Slovak Museum and Library,Cedar Rapids,http://www.ncsml.org/
Iowa,Figge Art Museum,Davenport,http://figgeartmuseum.org/Home.aspx
Iowa,University of Iowa Museum of Art,Iowa City,http://uima.uiowa.edu/
Iowa,Arts on Grand,Spencer,http://artsongrand.org/
Kansas,Independence Historical Museum and Art Center,,http://www.independencehistoricalmuseum.org/
Kansas,Marianna Kistler Beach Museum of Art,,https://www.salinaartcenter.org/
Kansas,Salina Art Center,,http://beach.k-state.edu/
Kansas,Wichita Art Museum,,http://www.wichitaartmuseum.org/
Kansas,Spencer Museum of Art,Lawrence,http://www.spencerart.ku.edu/
Kansas,Ulrich Museum of Art,Wichita,http://www.ulrich.wichita.edu/
Kentucky,Asia Institute – Crane House,,http://www.cranehouse.org/
Kentucky,Behringer-Crawford Museum,,http://bcmuseum.org/
Kentucky,Janice Mason Art Museum,,http://www.jmam.org/
Kentucky,Kentucky Gateway Museum Center,,https://www.kygmc.org/
Kentucky,Speed Art Museum,,http://www.speedmuseum.org/
Kentucky,National Corvette Museum,Bowling Green,http://www.corvettemuseum.org/
Kentucky,University of Kentucky Art Museum,Lexington,http://www.uky.edu/ArtMuseum
Kentucky,Frazier International History Museum,Louisville,http://www.fraziermuseum.org/
Kentucky,Yeiser Art Center,Paducah,http://www.theyeiser.org/
Kentucky,Hopewell Museum/Historic Paris Bourbon County,Paris,http://www.hopewellmuseum.org/
Louisiana,Alexandria Museum of Art,,http://www.themuseum.org/
Louisiana,Beauregard-Keyes Historic House & Garden,,https://www.bkhouse.org/
Louisiana,Historic New Orleans Collection,,http://www.hnoc.org/
Louisiana,Lake Pontchartrain Basin Maritime Museum,,https://lpbmm.org/
Louisiana,Longue Vue House and Gardens,,https://longuevue.com/
Louisiana,New Orleans Jazz Museum,,https://nolajazzmuseum.org/
Louisiana,New Orleans Museum of Art,,http://www.noma.org/
Louisiana,Newcomb Art Museum of Tulane University,,https://newcombartmuseum.tulane.edu/
Louisiana,Ogden Museum of Southern Art,,http://www.ogdenmuseum.org/
Louisiana,Paul and Lulu Hilliard University Art Museum,,http://museum.louisiana.edu/
Louisiana,Vermilionville Living History Museum and Folklife Park,,http://www.vermilionville.org/vermilionville/index-old.html
Louisiana,Wedell-Williams Aviation and Cypress Sawmill Museum,,https://louisianastatemuseum.org/museum/wedell-williams-aviation-and-cypress-sawmill-museum
Louisiana,Zigler Art Museum,,http://www.ziglerartmuseum.org/
Louisiana,Capitol Park,Baton Rouge,http://www.crt.state.la.us/louisiana-state-museum/museum-sites/capitol-park-museum/
Louisiana,"Museum of Art, Shaw Center for the Arts, Louisiana State University",Baton Rouge,http://www.shawcenter.org/
Louisiana,Madame John’s Legacy,Louisiana State Museum,http://www.crt.state.la.us/museum/
Louisiana,Louisiana Sports Hall of Fame and Northwest Louisiana History Museum,Natchitoches,http://www.lasportshall.com/
Louisiana,1850 House,New Orleans,http://www.neworleansonline.com/directory/location.php?locationID=1347
Louisiana,Cabildo,New Orleans,http://www.crt.state.la.us/louisiana-state-museum/museum-sites/the-cabildo/
Louisiana,Contemporary Arts Center,New Orleans,https://cacno.org/
Louisiana,Hermann-Grima and Gallier Historic Houses,New Orleans,http://www.hgghh.org/
Louisiana,Presbytere,New Orleans,http://www.neworleansonline.com/directory/location.php?locationID=1280
Louisiana,E.D. White House,Thibodaux,http://www.crt.state.la.us/louisiana-state-museum/museum-sites/ed-white/
Maine,Brick Store Museum,,http://www.brickstoremuseum.org/
Maine,Center for Maine Contemporary Art,,https://cmcanow.org/
Maine,Maine Mineral & Gem Museum,,https://mainemineralmuseum.org/
Maine,Pejepscot Historical Society,,http://pejepscothistorical.org/
Maine,Penobscot Marine Museum,,http://www.penobscotmarinemuseum.org/
Maine,Portland Museum of Art,,https://www.portlandmuseum.org/
Maine,Seal Cove Auto Museum,,http://www.sealcoveautomuseum.org/
Maine,University of Maine Museum of Art,Bangor,http://www.umma.umaine.edu/
Maine,Abbe Museum,Bar Harbor,http://www.abbemuseum.org/
Maine,Bowdoin College Museum of Art,Brunswick,http://www.bowdoin.edu/art-museum/
Maine,"African Center for the Sacred Arts, Museum of African Art & Culture",Portland,http://www.museumafricanculture.org/
Maine,Maine Historical Society: Museum and Longfellow House,Portland,http://www.mainehistory.org/
Maine,Farnsworth Art Museum,Rockland,http://www.farnsworthmuseum.org/
Maryland,Baltimore Museum of Art,,http://www.artbma.org/
Maryland,Baltimore Museum of Industry,,http://www.thebmi.org/
Maryland,Captain Avery Museum,,https://captainaverymuseum.org/
Maryland,Hammond-Harwood House,,https://hammondharwoodhouse.org/
Maryland,Havre de Grace Decoy Museum,,http://www.decoymuseum.com/
Maryland,Historic London Town and Gardens,,https://www.historiclondontown.org/
Maryland,Historic St. Mary’s City Museum,,http://www.stmaryscity.org/
Maryland,Maryland Historical Society,,http://www.mdhs.org/
Maryland,Piney Point Lighthouse and Museum,,https://www.facebook.com/1836Light/
Maryland,Reginald F. Lewis Museum of Maryland African American History,,https://lewismuseum.org/
Maryland,St. Clement’s Island Museum,,https://www.facebook.com/SCIMuseum/
Maryland,Ward Museum of Wildfowl Art at Salisbury University,,http://www.wardmuseum.org/
Maryland,"Elizabeth Myers Mitchell Gallery, St. John’s College",Annapolis,http://www.sjc.edu/programs-and-events/annapolis/mitchell-art-gallery/
Maryland,Heritage Museums and Gardens of Dorchester,Cambridge,http://www.dorchesterhistory.org/
Maryland,Academy of Art Museum,Easton,http://www.academyartmuseum.org/
Maryland,Washington County Museum of Fine Art,Hagerstown,http://www.wcmfa.org/
Maryland,Pyramid Atlantic Arts Center,Silver Spring,http://www.pyramidatlanticartcenter.org/
Massachusetts,Arlington Historical Society Museum & Jason Russell House,,https://arlingtonhistorical.org/
Massachusetts,Berkshire Botanical Garden,,http://www.berkshirebotanical.org/
Massachusetts,Beverly Historical Society,,http://www.beverlyhistory.org/
Massachusetts,Boston Athenaeum,,http://www.bostonathenaeum.org/
Massachusetts,Cahoon Musuem of American Art,,https://cahoonmuseum.org/
Massachusetts,Cape Ann Museum,,https://www.capeannmuseum.org/
Massachusetts,Cape Cod Museum of Art,,https://www.ccmoa.org/
Massachusetts,Clark Art Institute,,http://www.clarkart.edu/
Massachusetts,Concord Museum,,http://www.concordmuseum.org/
Massachusetts,Davis Museum at Wellesley College,,https://www.wellesley.edu/davismuseum/
Massachusetts,Duxbury Rural & Historical Society,,https://duxburyhistory.org/
Massachusetts,Fall River Historical Society,,http://fallriverhistorical.org/
Massachusetts,Falmouth Museums on the Green,,https://museumsonthegreen.org/
Massachusetts,Fitchburg Art Museum,,http://www.fitchburgartmuseum.org/
Massachusetts,Forbes House Museum,,https://www.forbeshousemuseum.org/
Massachusetts,House of the Seven Gables,,https://7gables.org/
Massachusetts,Isabella Stewart Gardner Museum,,https://www.gardnermuseum.org/
Massachusetts,Larz Anderson Auto Museum,,https://larzanderson.org/
Massachusetts,Lexington Arts & Crafts Society,,http://www.lacsma.org/
Massachusetts,Lexington Historical Society,,https://www.lexingtonhistory.org/
Massachusetts,Marblehead Museum & Historical Society,,http://marbleheadmuseum.org/
Massachusetts,Mead Art Museum,,https://www.amherst.edu/museums/mead
Massachusetts,National Black Doll Museum of History & Culture,,https://nbdmhc.org/
Massachusetts,Needham Historical Society,,http://www.needhamhistory.org/
Massachusetts,New Bedford Art Museum/Artworks,,http://www.newbedfordartmuseum.org/
Massachusetts,New Bedford Whaling Museum,,http://www.whalingmuseum.org/
Massachusetts,Nichols House Museum,,https://www.nicholshousemuseum.org/
Massachusetts,Old Colony History Museum,,https://www.oldcolonyhistorymuseum.org/
Massachusetts,Provincetown Art Association and Museum (PAAM),,https://www.paam.org/
Massachusetts,Sandwich Glass Museum,,http://www.sandwichglassmuseum.org/
Massachusetts,Scottish Rite Masonic Museum & Library,,http://www.monh.org/
Massachusetts,Smith College Museum of Art,,https://scma.smith.edu/
Massachusetts,Springfield Museums,,http://www.springfieldmuseums.org/
Massachusetts,The Institute of Contemporary Art/Boston,,https://www.icaboston.org/
Massachusetts,Trustees | Castle Hill,,http://www.thetrustees.org/places-to-visit/northeast/castle-hill-crane.html
Massachusetts,Trustees | Old Manse,,http://www.thetrustees.org/places-to-visit/metro-west/old-manse.html
Massachusetts,Trustees | William Cullen Bryant Homestead,,http://www.thetrustees.org/places-to-visit/pioneer-valley/bryant-homestead.html
Massachusetts,Worcester Art Museum,,http://www.worcesterart.org/
Massachusetts,Discovery Museums,Acton,http://www.discoverymuseums.org/
Massachusetts,Susan B. Anthony Birthplace Museum,Adams,http://www.susanbanthonybirthplace.com/
Massachusetts,Addison Gallery of American Art,Andover,http://addisongallery.org/
Massachusetts,Cyrus Dallin Art Museum,Arlington,http://www.dallin.org/
Massachusetts,Museum of Fine Arts,Boston,http://www.mfa.org/
Massachusetts,McMullen Museum of Art,Boston College,https://www.bc.edu/sites/artmuseum/
Massachusetts,Fuller Craft Museum,Brockton,http://www.fullercraft.org/
Massachusetts,"Harvard Art Museum: the Fogg, Busch Reisinger, and Arthur M. Sackler Museums",Cambridge,http://www.harvardartmuseums.org/
Massachusetts,Museum of Russian Icons,Clinton,http://www.museumofrussianicons.org/
Massachusetts,Martha’s Vineyard Museum,Edgartown,http://www.mvmuseum.org/
Massachusetts,Highfield Hall & Gardens,Falmouth,http://www.highfieldhall.org/
Massachusetts,Museums on the Green,Falmouth,http://museumsonthegreen.org/
Massachusetts,Danforth Museum of Art,Framingham,http://www.danforthmuseum.org/
Massachusetts,Fruitlands Museum,Harvard,http://www.fruitlands.org/
Massachusetts,Westford Museum of the Westford Historical Society,Inc.,http://www.westford.com/museum
Massachusetts,Mount,Lenox,http://www.edithwharton.org/
Massachusetts,deCordova Sculpture Park and Museum,Lincoln,http://www.decordova.org/
Massachusetts,Jackson Homestead & Museum and Durant-Kenrick House,Newton,http://www.historicnewton.org/
Massachusetts,Museum of Printing,North Andover,http://www.museumofprinting.org/
Massachusetts,Berkshire Museum,Pittsfield,http://www.berkshiremuseum.org/
Massachusetts,Hancock Shaker Village,Pittsfield,http://www.hancockshakervillage.org/
Massachusetts,Peabody Essex Museum,Salem,http://www.pem.org/
Massachusetts,Heritage Museums & Gardens,Sandwich,http://www.heritagemuseumsandgardens.org/
Massachusetts,Norman Rockwell Museum,Stockbridge,http://www.nrm.org/
Massachusetts,Williams College Museum of Art,Williamstown,http://wcma.williams.edu/
Mexico,"Museo de Arte Contemporáneo de Monterrey, Nuevo Leon",AC,http://www.marco.org.mx/
Michigan,Air Zoo,,https://www.airzoo.org/
Michigan,Ann Arbor Art Center,,http://www.annarborartcenter.org/
Michigan,Art Center of Battle Creek,,http://www.artcenterofbattlecreek.org/
Michigan,Cranbrook Art Museum,,http://www.cranbrookart.edu/museum/
Michigan,Dennos Museum Center,,http://www.dennosmuseum.org/
Michigan,Detroit Institute of Arts,,http://www.dia.org/
Michigan,Edsel and Eleanor Ford House,,http://www.fordhouse.org/
Michigan,Fernwood Botanical Garden,,http://www.fernwoodbotanical.org/
Michigan,Flint Institute of Arts,,http://www.flintarts.org/
Michigan,Glen Arbor Arts Center,,https://www.glenarborart.org/
Michigan,Grand Rapids Art Museum,,http://www.artmuseumgr.org/
Michigan,Holland Museum,,https://hollandmuseum.org/
Michigan,Kalamazoo Institute of Arts,,http://www.kiarts.org/
Michigan,Krasl Art Center,,http://www.krasl.org/
Michigan,Marshall M. Fredericks Sculpture Museum,,http://marshallfredericks.org/
Michigan,Meadow Brook Hall,,https://meadowbrookhall.org/
Michigan,Michigan State University Museum,,https://www.museum.msu.edu/
Michigan,Museum of Contemporary Art Detroit,,https://mocadetroit.org/
Michigan,Muskegon Museum of Art,,http://muskegonartmuseum.org/
Michigan,Rochester Hills Museum at Van Hoosen Farm,,https://www.rochesterhills.org/museum
Michigan,Rockford Area Museum,,http://www.rockfordmuseum.org/
Michigan,Saginaw Art Museum,,http://www.saginawartmuseum.org/
Michigan,The Henry Ford Estate,,http://www.henryfordfairlane.org/
Michigan,The Holland Area Arts Council,,https://www.hollandarts.org/
Michigan,UICA (Urban Institute for Contemporary Arts),,https://www.uica.org/
Michigan,University of Michigan Matthaei Botanical Gardens and Nichols Arboretum,,http://lsa.umich.edu/mbg/
Michigan,University of Michigan Museum of Natural History,,https://lsa.umich.edu/ummnh/
Michigan,Zeeland Historical Society/Dekker Huis Museum,,https://www.zeelandhistory.org/
Michigan,African American Cultural and Historical Museum,Ann Arbor,http://www.aachmuseum.org/
Michigan,Kelsey Museum of Archeaology,Ann Arbor,http://www.lsa.umich.edu/kelsey/
Michigan,University of Michigan Museum of Art,Ann Arbor,http://www.umma.umich.edu/
Michigan,Arab American National Museum,Dearborn,http://www.arabamericanmuseum.org/
Michigan,Charles H. Wright Museum of African American History,Detroit,http://www.chwmuseum.org/
Michigan,Eli and Edythe Broad Art Museum at Michigan State,East Lansing,http://broadmuseum.msu.edu/
Michigan,Tri-Cities Historical Museum,Grand Haven,http://www.tri-citiesmuseum.org/
Michigan,Ella Sharp Museum of Art History,Jackson,http://www.ellasharp.org/
Michigan,DeVos Art Museum at Northern Michigan University,Marquette,http://art.nmu.edu/department/museum
Michigan,Heritage Museum and Cultural Center,St. Joseph,http://theheritagemcc.org/
Minnesota,American Swedish Institute,,https://www.asimn.org/
Minnesota,ComoFriends/Como Park Zoo and Conservatory,,http://comofriends.org/
Minnesota,Franconia Sculpture Park,,https://www.franconia.org/
Minnesota,Hallberg Center for the Arts,,https://wyomingcreativearts.org/
Minnesota,Minneapolis Institute of Arts,,http://www.artsmia.org/
Minnesota,Stevens County Historical Society and Museum,,http://www.stevenshistorymuseum.com/
Minnesota,The Minnesota Museum of American Art,,https://mmaa.org/
Minnesota,The Museum of Russian Art,,https://tmora.org/
Minnesota,Tweed Museum of Art,,http://www.d.umn.edu/tma/
Minnesota,Weisman Art Museum,Minneapolis,http://www.wam.umn.edu/
Minnesota,Rochester Art Center,Rochester,http://www.rochesterartcenter.org/
Mississippi,Delta Blues Museum,,https://www.deltabluesmuseum.org/
Mississippi,Maritime and Seafood Industry Museum,,https://maritimemuseum.org
Mississippi,Mississippi Arts + Entertainment Experience (The MAX),,https://www.msarts.org/
Mississippi,Ohr-O’Keefe Museum of Art,Biloxi,http://www.georgeohr.org/
Mississippi,Mississippi Museum of Art,Jackson,https://www.msmuseumart.org/
Mississippi,Lauren Rogers Museum of Art,Laurel,http://lrma.org/
Mississippi,Walter Anderson Museum of Art,Ocean Springs,http://www.walterandersonmuseum.org/
Mississippi,University of Mississippi Museum,Oxford,http://museum.olemiss.edu/
Mississippi,GumTree Museum of Art,Tupelo,http://www.gumtreemuseum.com/
Missouri,American Passenger Rail Heritage Foundation,,http://www.aprhf.org/
Missouri,Boone County History & Culture Center,,https://boonehistory.org/
Missouri,Contemporary Art Museum St. Louis,,http://www.contemporarystl.org/
Missouri,Laumeier Sculpture Park,,http://www.laumeiersculpturepark.org/
Missouri,Museum of Art and Archaeology/University of Missouri- Columbia,,http://maa.missouri.edu/
Missouri,Robidoux Row Museum,,https://www.robidouxrowmuseum.org/
Missouri,Saint Joseph Museums,,https://www.stjosephmuseum.org/
Missouri,Saint Louis Art Museum,,http://www.slam.org/
Missouri,Springfield Art Museum,,http://www.springfieldmo.gov/art/
Missouri,National Churchill Museum,Fulton,http://www.churchillmemorial.org/
Missouri,American Jazz Museum,Kansas City,http://americanjazzmuseum.org/
Missouri,Kemper Museum of Contemporary Art,Kansas City,http://www.kemperart.org/
Missouri,Nelson-Atkins Museum of Art,Kansas City,http://www.nelson-atkins.org/
Missouri,Field House,St. Louis,http://eugenefieldhouse.org/
Missouri,Mildred Lane Kemper Art Museum,St. Louis,http://kemperartmuseum.wustl.edu/
Missouri,World Chess Hall of Fame,St. Louis,http://www.worldchesshof.org/
Montana,Hockaday Museum of Art,,http://www.hockadaymuseum.org/
Montana,Lewistown Art Center,,http://www.lewistownartcenter.net/
Montana,Missoula Art Museum,,http://www.missoulaartmuseum.org/
Montana,The Historical Museum at Fort Missoula,,https://fortmissoulamuseum.org/
Montana,Yellowstone Art Museum,Billings,http://www.artmuseum.org/
Montana,C.M. Russell Museum,Great Falls,http://www.cmrussell.org/
Montana,Holter Museum of Art,Helena,http://www.holtermuseum.org/
Nebraska,Kregel Windmill Factory Museum,,http://kregelwindmillfactorymuseum.org/
Nebraska,Norfolk Arts Center,,http://www.norfolkartscenter.org/
Nebraska,Bone Creek Museum of Agrarian Art,David City,http://bonecreek.org/
Nebraska,Museum of Nebraska Art,Kearney,http://monet.unk.edu/
Nebraska,International Quilt Study Center & Museum,Lincoln,http://www.quiltstudy.org/
Nebraska,Sheldon Museum of Art,Lincoln,http://www.sheldonartmuseum.org/
Nebraska,Joslyn Art Museum,Omaha,http://www.joslyn.org/
Nevada,Burlesque Hall of Fame,,https://www.burlesquehall.com/
Nevada,Neon Museum,Las Vegas,http://www.neonmuseum.org/
Nevada,Nevada Museum of Art,Reno,http://www.nevadaart.org/
Nevada,Sierra Arts Gallery,Reno,http://sierra-arts.org/
New Hampshire,Enfield Shaker Museum,,http://www.shakermuseum.org/
New Hampshire,Museum of the White Mountains,,https://www.plymouth.edu/mwm/
New Hampshire,New Hampshire Historical Society,,http://nhhistory.org/
New Hampshire,New Hampshire Telephone Museum,,https://www.nhtelephonemuseum.org/
New Hampshire,Portsmouth Historical Society,,https://portsmouthhistory.org/
New Hampshire,AVA Gallery and Art Center,Lebanon,http://avagallery.org/
New Hampshire,Currier Museum of Art,Manchester,http://www.currier.org/
New Hampshire,Mariposa Museum & World Culture Center,Peterborough,http://www.mariposamuseum.org/
New Jersey,Battleship New Jersey Museum & Memorial,,http://www.battleshipnewjersey.org/
New Jersey,Camden County Historical Society,,https://www.cchsnj.org/
New Jersey,Long Beach Island Foundation of the Arts & Sciences,,http://lbifoundation.org/
New Jersey,Macculloch Hall Historical Museum,,http://maccullochhall.org/
New Jersey,Montclair Art Museum,,http://www.montclair-art.com/
New Jersey,Morris County Historical Society,,http://morriscountyhistory.org/
New Jersey,New Jersey State Museum,,http://www.statemuseum.nj.gov/
New Jersey,New Jersey Vietnam Veterans’ Memorial & Museum,,https://www.njvvmf.org/
New Jersey,Newark Museum,,http://www.newarkmuseum.org/
New Jersey,Princeton University Art Museum,,http://artmuseum.princeton.edu/
New Jersey,The Montclair History Center,,https://www.montclairhistory.org/
New Jersey,The Trenton City Museum at Ellarslie,,http://ellarslie.org/
New Jersey,Hunterdon Art Museum,Clinton,http://www.hunterdonartmuseum.org/
New Jersey,Monmouth County Historical Association,Freehold,http://www.monmouthhistory.org/
New Jersey,Center for Holocaust,Human Rights & Genocide Education (Chhange),https://www.chhange.org/
New Jersey,Monmouth Museum,Lincroft,http://monmouthmuseum.org/
New Jersey,Museum of Early Trades & Crafts,Madison,http://www.rosenet.org/metc
New Jersey,Wheaton Arts and Cultural Center,Millville,http://www.wheatonarts.org/
New Jersey,Stickley Museum at Craftsman Farms,Morris Plains,http://www.stickleymuseum.org/
New Jersey,Morris Museum,Morristown,http://www.morrismuseum.org/
New Jersey,Zimmerli Art Museum,New Brunswick,http://www.zimmerlimuseum.rutgers.edu/
New Jersey,Visual Arts Center of New Jersey,Summit,http://artcenternj.org/
New Mexico,516 ARTS,,https://www.516arts.org/
New Mexico,Albuquerque Museum of Art and History,,http://www.cabq.gov/museum/
New Mexico,Bosque Redondo Memorial at Fort Sumner,,http://www.bosqueredondomemorial.com/
New Mexico,Corrales Arts Center,,https://corralesartscenter.org/
New Mexico,E3 Children’s Museum & Science Center,,https://www.fmtn.org/254/E3-Childrens-Museum-Science-Center
New Mexico,El Rancho de las Golondrinas,,http://www.golondrinas.org/
New Mexico,Farmington Museum,,https://www.fmtn.org/248/Farmington-Museum-at-Gateway-Park
New Mexico,IAIA Museum of Contemporary Native Arts,,http://www.iaia.edu/museum/
New Mexico,Lincoln Historic Site,,http://www.nmmonuments.org/Lincoln
New Mexico,Los Alamos History Museum,,https://www.losalamoshistory.org/
New Mexico,Los Luceros Historic Property,,http://nmhistoricsites.org/los-luceros
New Mexico,Maxwell Museum of Anthropology,,https://maxwellmuseum.unm.edu/
New Mexico,National Hispanic Cultural Center,,http://www.nhccnm.org/
New Mexico,Riverside Nature Center,,https://www.fmtn.org/252/Riverside-Nature-Center
New Mexico,Roswell Museum and Art Center,,https://roswell-nm.gov/308/Roswell-Museum-Art-Center
New Mexico,SITE Santa Fe,,http://www.sitesantafe.org/
New Mexico,Taos Art Museum at Fechin House,,https://www.taosartmuseum.org/
New Mexico,University of New Mexico Art Museum,Albuquerque,http://unmartmuseum.org/
New Mexico,Coronado Historic Site,Bernalillo,http://www.nmmonuments.org/
New Mexico,Jemez Historic Site,Bernalillo,http://www.nmhistoricsites.org/jemez
New Mexico,Fort Stanton,Bonito River,http://fortstanton.org/
New Mexico,Fort Selden,Radium Springs,http://www.nmmonuments.org/fort-selden
New Mexico,El Comino Real Historic Trail Site,San Antonio,http://www.nmmonuments.org/el-camino-real
New Mexico,Center for Contemporary Arts,Santa Fe,http://www.ccasantafe.org/
New Mexico,Georgia O’Keeffe Museum,Santa Fe,http://www.okeeffemuseum.org/
New Mexico,Museum of Indian Arts & Culture,Santa Fe,http://www.indianartsandculture.org/
New Mexico,Museum of International Folk Art,Santa Fe,http://www.internationalfolkart.org/
New Mexico,New Mexico History Museum/Palace of Governors,Santa Fe,http://www.nmhistorymuseum.org/
New Mexico,New Mexico Museum of Art,Santa Fe,http://www.newmexico.org/Museum-of-Art
New Mexico,Harwood Museum of Art of the University of New Mexico,Taos,http://www.harwoodmuseum.org/
New York,Adirondack Experience,,https://www.theadkx.org/
New York,Albany Institute of History & Art,,http://www.albanyinstitute.org/
New York,Alfred Ceramic Art Museum at Alfred University,,https://ceramicsmuseum.alfred.edu/
New York,Bard Graduate Center,,https://www.bgc.bard.edu/
New York,Boscobel House and Gardens,,https://boscobel.org/
New York,Bronx Museum of the Arts,,http://www.bronxmuseum.org/
New York,Brooklyn Museum,,http://www.brooklynmuseum.org/
New York,Brookside Museum Saratoga County Historical Association,,http://www.brooksidemuseum.org/
New York,Burchfield-Penney Art Center/ Buffalo State College,,http://www.burchfieldpenney.org/
New York,Chemung County Historical Society,,https://www.chemungvalleymuseum.org/
New York,China Institute,,http://www.chinainstitute.org/
New York,Cornell Botanical Gardens,,https://cornellbotanicgardens.org/
New York,Corning Museum of Glass,,http://www.cmog.org/
New York,Dia:Beacon,,https://www.diaart.org/
New York,Edward Hopper House Art Center,,http://www.edwardhopperhouse.org/
New York,Finger Lakes Boating Museum,,https://www.flbm.org/
New York,Frank Lloyd Wright’s Graycliff,,https://experiencegraycliff.org/
New York,Greene County Historical Society,,https://www.gchistory.org/
New York,Guild Hall of East Hampton,,http://guildhall.org/home.ihtml
New York,Hallwalls Contemporary Arts Center,,http://www.hallwalls.org/
New York,Katonah Museum of Art,,http://www.katonahmuseum.org/
New York,Lake Placid-North Elba Historical Society,,https://www.lakeplacidhistory.com/
New York,Long Island Museum,,https://longislandmuseum.org/
New York,Museum of the City of New York,,http://www.mcny.org/
New York,Nassau County Museum of Art,,https://nassaumuseum.org/
New York,National Museum of Dance and Hall of Fame,,http://www.dancemuseum.org/
New York,New Museum,,https://www.newmuseum.org/
New York,One Club,,http://oneclub.org/
New York,Oneida Community Mansion House,,http://www.oneidacommunity.org/
New York,Paley Center for Media,,https://www.paleycenter.org/
New York,Pioneer Works,,https://pioneerworks.org/
New York,Planting Fields Foundation,,https://plantingfields.org/
New York,Samuel Dorsky Museum of Art/SUNY at New Paltz,,https://www.newpaltz.edu/museum/
New York,Saranac Laboratory Museum,,http://www.historicsaranaclake.org/
New York,Saratoga Automobile Museum,,http://saratogaautomuseum.org/
New York,Saratoga Springs Preservation Foundation,,https://www.saratogapreservation.org/
New York,Seneca-Iroquois National Museum,,https://www.senecamuseum.org/
New York,Shaker Museum | Mount Lebanon,,http://www.shakermuseumandlibrary.org/
New York,Storm King Art Center,,https://stormking.org/
New York,Sugar Hill Children’s Museum of Art & Storytelling,,https://www.sugarhillmuseum.org/
New York,The Drawing Center,,http://www.drawingcenter.org/
New York,The Holocaust Memorial and Tolerance Center of Nassau County,,https://www.hmtcli.org/
New York,The Noguchi Museum,,https://www.noguchi.org/
New York,The Town of Warwick Historical Society,,http://www.warwickhistoricalsociety.org/
New York,Time and the Valleys Museum,,https://www.timeandthevalleysmuseum.org/
New York,Ulysses S. Grant Cottage State Historic Site,,https://www.grantcottage.org/
New York,Woodstock Artists Association and Museum,,https://www.woodstockart.org/
New York,World Awareness Children’s Museum,,http://www.worldchildrensmuseum.org/
New York,Irish American Heritage Museum,Albany,http://www.irishamericanheritagemuseum.org/
New York,Adirondack Museum,Blue Mountain,http://www.adkmuseum.org/
New York,Albright-Knox Art Gallery,Buffalo,http://www.albrightknox.org/
New York,Suffolk County Vanderbilt Museum and Planetarium,Centerpoint,http://www.vanderbiltmuseum.org/
New York,Fenimore Art Museum/The Farmers’ Museum,Cooperstown,http://www.fenimoreartmuseum.org/
New York,Rockwell Museum of Western Art,Corning,http://www.rockwellmuseum.org/
New York,"Hanford Mills Museum, Inc",East Meredith,http://www.hanfordmills.org/
New York,Arnot Art Museum,Elmira,http://www.arnotartmuseum.org/
New York,Hyde Collection,Glenn Falls,http://www.hydecollection.org/
New York,Hofstra University Museum,Hempstead,http://www.hofstra.edu/museum
New York,Iroquois Indian Museum,Howes Cave,http://www.iroquoismuseum.org/
New York,FASNY Museum of Firefighting,Hudson,http://www.fasnyfiremuseum.com/
New York,Heckscher Museum of Art,Huntington,http://www.heckscher.org/
New York,Herbert F. Johnson Museum of Art/Cornell University,Ithaca,http://www.museum.cornell.edu/
New York,Columbia County Historical Society,Kinderhook,http://cchsny.org/
New York,SculptureCenter,Long Island City,http://www.sculpture-center.org/
New York,American Folk Art Museum,New York,http://www.folkartmuseum.org/
New York,Asia Society,New York,http://www.asiasociety.org/
New York,El Museo del Barrio,New York,http://www.elmuseo.org/
New York,Frick Collection,New York,http://www.frick.org/
New York,Helen Frankenthaler Foundation,New York,http://www.frankenthalerfoundation.org/
New York,Leslie-Lohman Museum of Gay and Lesbian Art,New York,http://www.leslielohman.org/
New York,Museum of American Finance,New York,http://www.moaf.org/
New York,Museum of American Illustration,New York,http://www.societyillustrators.org/
New York,Museum of Arts and Design,New York,http://www.madmuseum.org/
New York,Museum of Chinese in America,New York,http://www.mocanyc.org/
New York,Rubin Museum of Art,New York,http://www.rmanyc.org/
New York,Salmagundi Club,New York,http://www.salmagundi.org/
New York,Solomon R. Guggenheim Museum,New York,http://www.guggenheim.org/
New York,Studio Museum in Harlem,New York,http://www.studiomuseum.org/
New York,Whitney Museum of American Art,New York,http://whitney.org/
New York,Frederic Remington Art Museum,Ogdensburg,http://www.fredericremington.org/
New York,Hudson Valley Center for Contemporary Art,Peekskill,http://www.hvcca.org/
New York,Neuberger Museum of Art,Purchase,http://www.neuberger.org/
New York,East End Arts,Riverhead,http://www.eastendarts.org/
New York,Memorial Art Gallery,Rochester,http://mag.rochester.edu/
New York,Tang Teaching Museum at Skidmore College,Saratoga Springs,http://tang.skidmore.edu/
New York,Old Stone Fort Museum,Schoharie,http://www.theoldstonefort.org/
New York,Cooper-Hewitt,Smithsonian Design Museum,https://www.chemungvalleymuseum.org/
New York,Everson Museum of Art,Syracuse,http://www.everson.org/
New York,Munson-Williams-Proctor Arts Institute,Utica,http://www.mwpai.org/
New York,Parrish Art Museum,Water Mill,http://parrishart.org/
New York,ArtsWestchester,White Plains,http://www.artswestchester.org/
New York,Hudson River Museum,Yonkers,http://www.hrm.org/
North Carolina,Asheville Art Museum,,http://www.ashevilleart.org/
North Carolina,Blowing Rock Art & History Museum,,http://www.blowingrockmuseum.org/
North Carolina,CAM Raleigh,,http://camraleigh.org/
North Carolina,Cape Fear Museum,,https://www.capefearmuseum.com/
North Carolina,Greenville Museum of Art,,http://www.greenvillemuseum.org/
North Carolina,Gregg Museum of Art & Design,,https://gregg.arts.ncsu.edu/
North Carolina,Hickory Museum of Art,,http://www.hickorymuseumofart.org/
North Carolina,Lam Museum of Anthropology,,https://lammuseum.wfu.edu/
North Carolina,Levine Museum of the New South,,https://www.museumofthenewsouth.org/
North Carolina,Southeastern Narrow Gauge & Shortline Museum,,http://www.newtondepot.com/
North Carolina,Tryon Arts and Crafts School,,https://tryonartsandcrafts.org/
North Carolina,Turchin Center for the Visual Arts/Appalachian State University,Boone,http://www.turchincenter.org/
North Carolina,Ackland Art Museum,Chapel Hill,http://www.ackland.org/
North Carolina,Bechtler Museum of Modern Art,Charlotte,http://www.bechtler.org/
North Carolina,Mint Museum,Charlotte,http://www.mintmuseum.org/
North Carolina,Nasher Museum of Art/Duke University,Durham,http://www.nasher.duke.edu/
North Carolina,Green Hill Center for North Carolina Art,Greensboro,http://www.greenhillcenter.org/
North Carolina,Bascom Center for the Visual Arts,Highland,http://www.thebascom.org/
North Carolina,Joel Lane Museum House,Raleigh,http://www.joellane.org/
North Carolina,North Carolina Museum of Art,Raleigh,http://www.ncartmuseum.org/
North Carolina,Waterworks Visual Arts Center,Salisbury,http://www.waterworks.org/
North Carolina,Iredell Museums,Statesville,http://www.iredellmuseums.org/
North Carolina,Cameron Art Museum,Wilmington,http://www.cameronartmuseum.com/
North Carolina,"Museum of Anthropology, Wake Forest University",Winston-Salem,http://moa.wfu.edu/
North Carolina,Reynolda House Museum of American Art,Winston-Salem,http://www.reynoldahouse.org/
North Dakota,Plains Art Museum,Fargo,http://www.plainsart.org/
Ohio,Akron Art Museum,,http://www.akronartmuseum.org/
Ohio,American Sign Museum,,https://www.americansignmuseum.org/
Ohio,ARTneo: The Museum of Northeast Ohio Art,,https://artneo.org/
Ohio,Canton Museum of Art,,http://www.cantonart.org/
Ohio,Champaign Aviation Museum,,https://www.champaignaviationmuseum.org/
Ohio,Cincinnati Art Museum,,http://www.cincinnatiartmuseum.org/
Ohio,Cleveland Museum of Art,,http://www.clevelandart.org/
Ohio,Columbus Historical Society,,https://www.columbushistory.org/
Ohio,Columbus Museum of Art,,http://www.columbusmuseum.org/
Ohio,Dayton Art Institute,,http://www.daytonartinstitute.org/
Ohio,Dunham Tavern Museum,,http://dunhamtavern.org/
Ohio,Hower House Museum ̶ The University of Akron,,https://howerhouse.org/
Ohio,Kennedy Museum of Art,,https://www.ohio.edu/museum/
Ohio,Mansfield Art Center,,http://mansfieldartcenter.org/
Ohio,Ohio Designer Craftsmen/Ohio Craft Museum,,http://ohiocraft.org/
Ohio,Ohio History Center & Ohio Village,,https://www.ohiohistory.org/visit/ohio-history-center
Ohio,Peggy R. McConnell Arts Center of Worthington,,http://www.mcconnellarts.org/
Ohio,Rock and Roll Hall of Fame and Museum,,http://www.rockhall.com/
Ohio,Society for Photographic Education,,http://www.spenational.org/
Ohio,Springfield Museum of Art,,http://www.springfieldart.musuem/
Ohio,The Contemporary Dayton,,http://www.thecontemporarydayton.org/
Ohio,The Gund Gallery at Kenyon College,,http://www.thegundgallery.org/
Ohio,The Heritage Center: Clark County Historical Society,,https://heritage.center/
Ohio,Toledo Museum of Art,,http://www.toledomuseum.org/
Ohio,Westcott House,,http://www.walkerart.org/www.westcotthouse.org
Ohio,Western Reserve Historical Society,,http://www.wrhs.org/
Ohio,Zanesville Museum of Art,,https://www.zanesvilleart.org/
Ohio,Stan Hywet Hall & Gardens,Akron,http://www.stanhywet.org/
Ohio,The Works: Ohio Center for History,Art & Technology,https://attheworks.org/
Ohio,Maltz Museum of Jewish Heritage,Beachwood,http://mmjh.org/
Ohio,Contemporary Arts Center: Lois and Richard Rosenthal Center for Contempory Art,Cincinnati,http://contemporaryartscenter.org/
Ohio,National Underground Railroad Freedom Center,Cincinnati,http://www.freedomcenter.org/
Ohio,Taft Museum of Art,Cincinnati,http://www.taftmuseum.org/
Ohio,Museum of Contemporary Art,Cleveland,http://www.mocacleveland.org/
Ohio,Wexner Center for the Arts/Ohio State University,Columbus,http://www.wexarts.org/
Ohio,Allen Memorial Art Museum,Oberlin,http://www.oberlin.edu/allenart
Ohio,Miami University Art Museum,Oxford,http://www.miamioh.edu/artmuseum
Ohio,Southern Ohio Museum and Cultural Center,Portsmouth,http://www.somacc.com/
Ohio,Butler Institute of American Art,Youngstown,http://www.butlerart.com/
Oklahoma,108|Contemporary,,https://108contemporary.org/
Oklahoma,Muskogee War Memorial Park: Home of the USS Batfish,,http://warmemorialpark.org/
Oklahoma,National Cowboy & Western Heritage Museum,,https://nationalcowboymuseum.org/
Oklahoma,Oklahoma City Museum of Art,,http://www.okcmoa.com/
Oklahoma,Oklahoma Contemporary Arts Center,,https://oklahomacontemporary.org/
Oklahoma,Stillwater History Museum at the Sheerar,,https://www.sheerarmuseum.org/
Oklahoma,The Museum Broken Arrow,,https://www.brokenarrowmuseum.org/
Oklahoma,The Museum of the Red River,,https://www.museumoftheredriver.org/
Oklahoma,Tulsa Air and Space Museum & Planetarium,,https://www.tulsamuseum.org/
Oklahoma,Will Rogers Memorial Museums,,http://www.walkerart.org/www.willrogers.com
Oklahoma,Woolaroc Museum and Wildlife Preserve,,http://www.woolaroc.org/
Oklahoma,Price Tower Arts Center,Bartlesville,http://www.pricetower.org/
Oklahoma,Chisholm Trail Heritage Center,Duncan,http://www.onthechisholmtrail.com/
Oklahoma,Har-Ber Village Museum,Grove,http://www.har-bervillage.com/
Oklahoma,Fred Jones Jr. Museum of Art,Norman,http://www.ou.edu/fjjma
Oklahoma,Mabee-Gerrer Museum of Art,Shawnee,http://www.mgmoa.org/
Oklahoma,Gilcrease Museum,Tulsa,http://www.gilcrease.org/
Oklahoma,Philbrook Museum of Art,Tulsa,http://www.philbrook.org/
Oregon,Albany Regional Museum,,https://www.armuseum.com/
Oregon,Benton County Historical Society,,https://www.bentoncountymuseum.org/
Oregon,Coos History Museum & Maritime Collection,,https://cooshistory.org/
Oregon,Crossroads Carnegie Art Center,,http://www.crossroads-arts.org/
Oregon,Deepwood Museum & Gardens,,http://historicdeepwoodestate.org/
Oregon,Four Rivers Cultural Center & Museums,,https://4rcc.com/
Oregon,Museum of Warm Springs,,http://www.museumatwarmsprings.org/
Oregon,Oregon Coast Council for the Arts,,https://coastarts.org/
Oregon,Portland Art Museum,,https://portlandartmuseum.org/
Oregon,Schneider Museum of Art,,https://sma.sou.edu/
Oregon,Shelton McMurphey Johnson House,,http://www.smjhouse.org/
Oregon,Tamástslikt Cultural Institute,,http://www.tamastslikt.org/
Oregon,Washington County Museum,,http://www.washingtoncountymuseum.org/home/
Oregon,World of Speed Motorsports Museum,,https://www.worldofspeed.org/
Oregon,Arts Center,Corvallis,http://theartscenter.net/
Oregon,Jordan Schnitzer Museum of Art/ University of Oregon,Eugene,http://jsma.uoregon.edu/
Oregon,University of Oregon Museum of Natural and Cultural History,Eugene,http://natural-history.uoregon.edu/
Oregon,Hallie Ford Museum of Art,Willamette University,http://www.willamette.edu/arts/hfma/index.html
Panama,MAC Panamá,,https://macpanama.org/
Pennsylvania,Adams County Historical Society,,https://www.achs-pa.org/
Pennsylvania,African American Museum in Philadelphia,,https://www.aampmuseum.org/
Pennsylvania,Allentown Art Museum,,http://www.allentownartmuseum.org/
Pennsylvania,Arts & Education at the Hoyt,,https://www.hoytartcenter.org/
Pennsylvania,Baldwin-Reynolds House Museum,,http://www.baldwinreynolds.org/
Pennsylvania,Barnes Foundation,,https://barnesfoundation.org/
Pennsylvania,Carnegie Museums of Pittsburgh,,http://www.carnegiemuseums.org/
Pennsylvania,Chester County Historical Society,,http://www.chestercohistorical.org/
Pennsylvania,Demuth Museum,,http://www.demuth.org/
Pennsylvania,Eastern State Penitentiary,,https://www.easternstate.org/
Pennsylvania,Erie Art Museum,,https://erieartmuseum.org/
Pennsylvania,Goodell Gardens & Homestead,,https://goodellgardens.org/
Pennsylvania,Grumblethorpe Historic House and Garden,,https://www.philalandmarks.org/grumblethorpe
Pennsylvania,Hanover Area Historical Society,,http://hahs.us/
Pennsylvania,Hill-Physick House,,https://www.philalandmarks.org/physick-house
Pennsylvania,Historic Waynesborough,,https://www.philalandmarks.org/historic-waynesborough-
Pennsylvania,Johnstown Area Heritage Association,,https://www.jaha.org/
Pennsylvania,Lancaster Museum of Art,,http://www.lmapa.org/
Pennsylvania,LancasterHistory,,https://www.lancasterhistory.org/
Pennsylvania,Laurel Hill Cemetery,,https://thelaurelhillcemetery.org/
Pennsylvania,Museum of the American Revolution,,http://www.amrevmuseum.org/
Pennsylvania,National Liberty Museum,,https://www.libertymuseum.org/
Pennsylvania,National Museum of Industrial History,,http://nmih.org/
Pennsylvania,Northampton County Historical & Genealogical Society,,http://sigalmuseum.org/
Pennsylvania,Philadelphia Art Alliance,,http://www.philartalliance.org/
Pennsylvania,Philadelphia Museum of Art,,http://www.philamuseum.org/
Pennsylvania,Philadelphia’s Magic Gardens,,http://phillymagicgardens.org/
Pennsylvania,Powel House,,https://www.philalandmarks.org/powel-house
Pennsylvania,Print Center,,http://www.printcenter.org/
Pennsylvania,Reading Public Museum,,http://www.readingpublicmuseum.org/
Pennsylvania,Sordoni Art Gallery at Wilkes University,,https://wilkes.edu/arts/sordoni-art-gallery/index.aspx
Pennsylvania,Taller Puertorriqueno,,https://tallerpr.org
Pennsylvania,The Fabric Workshop and Museum,,http://www.fabricworkshopandmuseum.org/
Pennsylvania,The National Civil War Museum,,https://www.nationalcivilwarmuseum.org/
Pennsylvania,Valley Forge National Historical Park,,http://www.nps.gov/vafo
Pennsylvania,Wagner Free Institute of Science,,http://www.wagnerfreeinstitute.org/
Pennsylvania,Washington Crossing Historic Park,,https://www.washingtoncrossingpark.org/
Pennsylvania,Westmoreland Museum of American Art,,http://www.wmuseumaa.org/
Pennsylvania,America on Wheels Museum,Allentown,http://www.americaonwheels.org/
Pennsylvania,Glencairn Museum,Bryn Athyn,http://www.glencairnmuseum.org/
Pennsylvania,Brandywine River Museum,Chadds Ford,http://www.brandywinemuseum.org/
Pennsylvania,James A. Michener Art Museum,Doylestown & New Hope,http://www.michenermuseum.org/
Pennsylvania,Beth Sholom Synagogue Visitor Center,Elkins Park,http://www.bethsholompreservation.org/
Pennsylvania,Susquehanna Art Museum,Harrisburg,http://www.sqart.org/
Pennsylvania,Pennsylvania Guild of Craftsmen,Lancaster,http://www.pacrafts.org/
Pennsylvania,Tyler Arboretum,Media,http://www.tylerarboretum.org/
Pennsylvania,Ebenezer Maxwell Mansion,Philadelphia,http://www.ebenezermaxwellmansion.org/
Pennsylvania,Institute of Contemporary Art/University of Pennsylvania,Philadelphia,http://www.icaphila.org/
Pennsylvania,Mutter Museum,Philadelphia,http://muttermuseum.org/
Pennsylvania,National Constitution Center,Philadelphia,http://www.constitutioncenter.org/
Pennsylvania,National Museum of American Jewish History,Philadelphia,http://www.nmajh.org/
Pennsylvania,Pennsylvania Academy of Fine Arts,Philadelphia,http://www.pafa.org/
Pennsylvania,Rosenbach Museum & Library,Philadelphia,http://www.rosenbach.org/
Pennsylvania,Simeone Automotive Museum,Philadelphia,http://simeonemuseum.org/
Pennsylvania,University of Pennsylvania Museum of Archaeology and Anthropology,Philadelphia,http://www.penn.museum/
Pennsylvania,Woodmere Art Museum,Philadelphia,http://www.woodmereartmuseum.org/
Pennsylvania,Frick Art and Historical Center,Pittsburgh,http://www.thefrickpittsburgh.org/
Pennsylvania,Mattress Factory,Pittsburgh,http://www.mattress.org/
Pennsylvania,"Everhart Museum of Natural History, Science & Art",Scranton,http://everhart-museum.org/
Rhode Island,Newport Art Museum & Art Association,,http://www.newportartmuseum.org/
Rhode Island,Providence Athenaeum,,https://providenceathenaeum.org/
Rhode Island,Rhode Island Historical Society John Brown House Museum,,http://www.rihs.org/
Rhode Island,Rhode Island Historical Society Museum of Work and Culture,,http://www.rihs.org/
Rhode Island,The Preservation Society of Newport County,,https://www.newportmansions.org/
Rhode Island,Blithewold Mansion,Gardens & Arboretum,https://www.blithewold.org/
Rhode Island,RISD Museum of Art,Providence,http://www.risdmuseum.org/
South Carolina,Columbia Museum of Art,,http://www.columbiamuseum.org/
South Carolina,Culture & Heritage Museums,,http://chmuseums.org/
South Carolina,Fort Mill History Museum,,http://www.fortmillhistorymuseum.org/
South Carolina,Historic Columbia,,https://www.historiccolumbia.org/
South Carolina,South Carolina Historical Society Museum,,https://schistory.org/museum/
South Carolina,South Carolina State Museum,,http://www.scmuseum.org/
South Carolina,Sumter County Gallery of Art,,https://sumtergallery.com/
South Carolina,Sumter County Museum,,http://www.sumtercountymuseum.org/
South Carolina,Gibbs Museum of Art,Charleston,http://www.gibbesmuseum.org/
South Carolina,Halsey Institute of Contemporary Art,Charleston,http://www.halsey.cofc.edu/
South Carolina,South Carolina Confederate Relic Room & Military Museum,Columbia,http://crr.sc.gov/
South Carolina,Bob Jones University Museum and Gallery,Greenville,http://www.bjumg.org/
South Carolina,Upcountry History Museum,Greenville,http://www.upcountryhistory.org/
South Carolina,Franklin G. Burroughs-Simeon B. Chapin Art Museum,Myrtle Beach,http://www.walkerart.org/membership/h//www.myrtlebeachartmuseum.org/
South Dakota,Adams Museum,,https://www.deadwoodhistory.com/about-us/properties/adams-museum.html
South Dakota,Historic Adams House,,https://www.deadwoodhistory.com/about-us/properties/historic-adams-house.html
South Dakota,South Dakota Art Museum,,https://www.sdstate.edu/south-dakota-art-museum
South Dakota,The Days of ’76 Museum,,https://www.deadwoodhistory.com/about-us/properties/days-of-76-museum.html
South Dakota,Journey Museum,Rapid City,http://www.journeymuseum.org/
South Dakota,National Music Museum,Vermillion,http://www.nmmusd.org/
Tennessee,Knoxville Museum of Art,,http://www.knoxart.org/
Tennessee,Memphis Brooks Museum of Art,,http://www.brooksmuseum.org/
Tennessee,The Abraham Lincoln Library and Museum,,https://www.lmunet.edu/academics/abraham-lincoln-library-and-museum-1/
Tennessee,The International Towing & Recovery Museum,,https://internationaltowingmuseum.org/
Tennessee,The National Civil Rights Museum at the Lorraine Motel,,https://www.civilrightsmuseum.org/
Tennessee,Hunter Museum of American Art,Chattanooga,http://www.huntermuseum.org/
Tennessee,Customs House Museum & Cultural Center,Clarksville,http://customshousemuseum.org/
Tennessee,Museum Center at 5ive Points,Cleveland,http://www.museumcenter.org/
Tennessee,Dixon Gallery and Gardens,Memphis,http://www.dixon.org/
Tennessee,Frist Center for the Visual Arts,Nashville,http://www.fristcenter.org/
Tennessee,Tennessee State Museum,Nashville,http://www.tnmuseum.org/
Texas,Amarillo Museum of Art,,http://www.amarilloart.org/
Texas,Ballroom Marfa,,https://www.ballroommarfa.org/
Texas,Bell County Museum,,https://www.bellcountymuseum.org/
Texas,Blaffer Art Museum,,http://www.blafferartmuseum.org/
Texas,Blue Star Contemporary,,https://bluestarcontemporary.org/
Texas,Bosque Museum,,https://www.bosquemuseum.org/
Texas,Brazoria County Historical Museum,,http://www.bchm.org/
Texas,Brownsville Museum of Fine Art,,http://www.bmfa.us/
Texas,Bullock Texas State History Museum,,http://www.thestoryoftexas.com/
Texas,Cuero Heritage Museum,,https://www.cueroheritagemuseum.org/
Texas,Dallas Museum of Art,,http://www.dm-art.org/
Texas,El Paso Museum of Art,,https://epma.art/
Texas,El Paso Museum of History,,http://history.elpasotexas.gov/
Texas,Frontier Times Museum,,http://www.frontiertimesmuseum.org/
Texas,Galveston Railroad Museum,,https://www.galvestonrrmuseum.org/
Texas,Greater Denton Arts Council,,http://dentonarts.com/
Texas,Heritage Museum of Montgomery County,,https://www.heritagesociety.org/
Texas,Holocaust Museum Houston,,http://www.hmh.org/
Texas,Houston Center for Contemporary Craft,,https://www.crafthouston.org/
Texas,Houston Maritime Museum,,http://www.houstonmaritimemuseum.org/
Texas,Institute of Texan Cultures,,http://www.texancultures.com/
Texas,Lake Jackson Historical Museum,,https://www.lakejacksonmuseum.org/
Texas,LHUCA,,http://lhuca.org/
Texas,Longview Museum of Fine Arts,,http://www.lmfa.org/
Texas,Modern Art Museum of Fort Worth,,http://themodern.org/
Texas,Museum of the Coastal Bend,,http://www.museumofthecoastalbend.org/museumcoastal/
Texas,Nasher Sculpture Center,,https://www.nashersculpturecenter.org/
Texas,National Cowgirl Museum and Hall of Fame,,http://www.cowgirl.net/
Texas,Neill-Cochran House Museum,,http://www.nchmuseum.org/
Texas,Panhandle-Plains Historical Museum,,https://www.panhandleplains.org/
Texas,Pharmacy & Medical Museum of Texas,,https://pharmacyandmedicalmuseum.org/
Texas,San Angelo Museum of Fine Arts,,http://www.samfa.org/
Texas,San Antonio Museum of Art,,http://www.samuseum.org/
Texas,Taylor County History Center,,https://taylorcountyhistorycenter.com/
Texas,Temple Railroad and Heritage Museum,,http://www.facebook.com/templerrhm/
Texas,Texas Military Forces Museum,,http://texasmilitaryforcesmuseum.org/
Texas,Texas Quilt Museum,,http://www.texasquiltmuseum.org/
Texas,The Bryan Museum,,https://thebryanmuseum.org/
Texas,The Chinati Foundation,,https://www.chinati.org/
Texas,Tyler Museum of Art,,http://tylermuseum.org/
Texas,Umlauf Sculpture Garden & Museum,,http://umlaufsculpture.org/
Texas,Women & Their Work,,https://womenandtheirwork.org/
Texas,Grace Museum,Abilene,http://thegracemuseum.org/
Texas,Old Jail Art Center,Albany,http://www.theoldjailartcenter.org/
Texas,Blanton Museum of Art/University of Texas,Austin,http://www.blantonmuseum.org/
Texas,Contemporary Austin,Austin,http://thecontemporaryaustin.org/
Texas,Harry Ransom Center,Austin,http://www.hrc.utexas.edu/
Texas,Art Museum of Southeast Texas,Beaumont,http://www.amset.org/
Texas,Art Museum of South Texas,Corpus Christi,http://www.artmuseumofsouthtexas.org/
Texas,McDonald Observatory,Fort Davis,http://mcdonaldobservatory.org/
Texas,Amon Carter Museum,Fort Worth,http://www.cartermuseum.org/
Texas,Kimbell Art Museum,Fort Worth,http://www.kimbellart.org/
Texas,Contemporary Arts Museum,Houston,http://www.camh.org/
Texas,Lawndale Art Center,Houston,http://www.lawndaleartcenter.org/
Texas,Menil Collection,Houston,http://www.menil.org/
Texas,Museum of Fine Arts,Houston,http://www.mfah.org/
Texas,Kerr Arts and Cultural Center,Kerrville,http://www.kacckerrville.com/
Texas,Museum of the Southwest,Midland,http://www.museumsw.org/
Texas,Briscoe Western Art Museum,San Antonio,http://www.briscoemuseum.org/
Texas,McNay Art Museum,San Antonio,http://www.mcnayart.org/
Utah,Nora Eccles Harrison Museum of Art (NEHMA),,https://artmuseum.usu.edu/
Utah,Southern Utah Museum of Art,,https://www.suu.edu/pva/suma/
Utah,Utah Museum of Contemporary Art,,http://www.utahmoca.org/
Utah,Utah Museum of Fine Arts/University of Utah,Salt Lake City,http://www.umfa.utah.edu/
Vermont,American Museum of Fly Fishing,,https://www.amff.org/
Vermont,American Precision Museum,,https://americanprecision.org/
Vermont,Bennington Museum,,http://www.benningtonmuseum.org/
Vermont,Brattleboro Museum and Art Center,,http://www.brattleboromuseum.org/
Vermont,Fleming Museum of Art/University of Vermont,,http://www.flemingmuseum.org/
Vermont,Henry Sheldon Museum of Vermont History,,https://henrysheldonmuseum.org/
Vermont,Middlebury College Museum of Art,,http://museum.middlebury.edu/
Vermont,Old Stone House Museum,,http://www.oldstonehousemuseum.org/
Vermont,Shelburne Museum,,http://shelburnemuseum.org/
Vermont,Vermont Center for Photography,,https://vcphoto.org/
Vermont,Vermont Granite Museum,,http://www.vtgranitemuseum.org/
Vermont,Vermont Historical Society,,https://vermonthistory.org/
Vermont,Vermont Ski and Snowboard Museum,,https://vermonthistory.org/
Vermont,Woodstock History Center,,https://www.woodstockhistorycenter.org/
Vermont,"Hildene, The Lincoln Family Home",Manchester,http://www.hildene.org/
Vermont,Southern Vermont Arts Center,Manchester,http://www.svac.org/
Virginia,American Civil War Museum,,http://www.acwm.org/
Virginia,Arlington Historical Museum/Arlington Historical Society,,http://www.arlingtonhistoricalsociety.org/
Virginia,Atlantic Wildfowl Heritage Museum,,https://www.awhm.org/
Virginia,Danville Museum of Fine Arts and History,,http://www.danvillemuseum.org/
Virginia,Fralin Museum of Art at the University of Virgina,,http://www.virginia.edu/artmuseum/
Virginia,George C. Marshall Museum,,http://marshallfoundation.org/
Virginia,Greater Reston Arts Center (GRACE),,https://restonarts.org/
Virginia,Institute for Contemporary Art at Virginia Commonwealth University,,https://icavcu.org/
Virginia,Maier Museum of Art at Randolph College,,http://maiermuseum.org/
Virginia,Manassas Museum,,http://www.manassasmuseum.org/
Virginia,Mary M. Torggler Fine Arts Center,,https://thetorggler.org/
Virginia,Museum of the Shenandoah Valley,,https://www.themsv.org/
Virginia,Nauticus,,https://nauticus.org/
Virginia,RAL Art Center,,http://ralartcenter.com/
Virginia,South Boston-Halifax County Museum of Fine Arts & History,,http://www.sbhcmuseum.org/
Virginia,The Hermitage Museum and Gardens,,http://thehermitagemuseum.org/
Virginia,The Mariners’ Museum and Park,,https://marinersmuseum.org/
Virginia,William King Museum,Abingdon,http://williamkingmuseum.org/
Virginia,Steamboat Era Museum,Irvington,http://steamboateramuseum.org/
Virginia,National Sporting Library and Museum,Middleburg,http://www.nsl.org/
Virginia,Peninsula Fine Arts Center,Newport News,http://www.pfac-va.org/
Virginia,Chrysler Museum of Art,Norfolk,http://www.chrysler.org/
Virginia,"Portsmouth Museums: The Children’s Museum of Virginia, The Courthouse Galleries, The Naval Shipyard Museum and the Lightship Portsmouth",Portsmouth,http://www.portsmouthmuseumsfoundation.org/
Virginia,Virginia Museum of Fine Arts,Richmond,http://www.vmfa.state.va.us/
Virginia,Wilton House Museum,Richmond,http://www.wiltonhousemuseum.org/
Virginia,Taubman Museum of Art,Roanoke,http://www.taubmanmuseum.org/
Virginia,Virginia Museum of Contemporary Art (MOCA),Virginia Beach,http://www.virginiamoca.org/
Virginia,"Muscarelle Museum of Art/Lamberson Hall, The College of William and Mary",Williamsburg,http://www.williamsburgareaarts.com/
Washington,Bainbridge Island Historical Museum,,http://www.bainbridgehistory.org/
Washington,Bainbridge Island Museum of Art,,http://www.biartmuseum.org/
Washington,Bellevue Art Museum,,http://www.bellevuearts.org/
Washington,Cascadia Art Museum,,http://cascadiaartmuseum.org/
Washington,Children’s Museum of Tacoma,,http://www.childrensmuseumoftacoma.org/
Washington,Confluence Gallery and Art Center,,https://confluencegallery.com/
Washington,Coupeville Arts Center,,http://pacificnorthwestartschool.org/
Washington,Cowlitz County Historical Museum,,http://www.co.cowlitz.wa.us/218/Museum
Washington,Foss Waterway Seaport,,https://fosswaterwayseaport.org/
Washington,Gallery One Visual Arts Center,,http://www.gallery-one.org/
Washington,Highline Heritage Museum,,https://highlinehistory.org/
Washington,Holocaust Center for Humanity,,http://www.holocaustcenterseattle.org/
Washington,Jansen Art Center,,https://www.jansenartcenter.org/
Washington,Jefferson Museum of Art & History,,https://www.jchsmuseum.org/Sites/JeffersonMuseumofArt&History.html
Washington,Karshner Museum and Center for Culture & Arts,,https://karctr.puyallup.k12.wa.us/home
Washington,Kitsap History Museum,,http://kitsapchs.org/
Washington,Nordic Museum,,https://www.nordicmuseum.org/
Washington,Pacific Bonsai Museum,,http://www.pacificbonsaimuseum.org/
Washington,Pacific Northwest Quilt & Fiber Arts Museum,,https://www.qfamuseum.org/
Washington,Port Angeles Fine Arts Center,,http://www.pafac.org/
Washington,REACH Museum,,https://www.visitthereach.org/
Washington,San Juan Islands Museum of Art (IMA),,http://www.sjima.org/
Washington,Tacoma Art Museum,,http://www.tacomaartmuseum.org/
Washington,Vashon Maury Island Heritage Association,,http://www.vashonhistory.org/museum.html
Washington,Wenatchee Valley Museum and Cultural Center,,https://www.wenatcheevalleymuseum.org/
Washington,Yakima Valley Museum & Historical Society,,https://www.yvmuseum.org/
Washington,Whatcom Museum,Bellingham,http://www.whatcommuseum.org/
Washington,Schack Art Center,Everett,http://www.schack.org/
Washington,Harbor History Museum,Gig Harbor,http://www.harborhistorymuseum.org/
Washington,Maryhill Museum of Art,Goldendale,http://www.maryhillmuseum.org/
Washington,Columbia Pacific Heritage Museum,Ilwaco,http://columbiapacificheritagemuseum.org/
Washington,Museum of Northwest Art,La Conner,http://www.monamuseum.org/
Washington,Sidney Museum and Art Gallery and Log Cabin Museum,Port Orchard,http://www.sidneymuseumandarts.com/
Washington,Arboretum Foundation,Seattle,http://www.arboretumfoundation.org/
Washington,Burke Museum of Natural History and Culture,Seattle,http://www.burkemuseum.org/
Washington,Frye Art Museum,Seattle,http://www.fryemuseum.org/
Washington,Henry Art Gallery,Seattle,http://www.henryart.org/
Washington,Museum of History and Industry (MOHAI),Seattle,http://www.mohai.org/
Washington,Northwest African American Museum,Seattle,https://www.naamnw.org/
Washington,Wing Luke Museum of the Asian Pacific American,Seattle,http://www.wingluke.org/
Washington,Northwest Museum of Arts and Culture,Spokane,http://www.northwestmuseum.org/
Washington,Columbia George Interpretive Center,Stevenson,http://www.columbiagorge.org/
Washington,LeMay- America’s Car Museum,Tacoma,http://www.lemaymuseum.org/
Washington,Museum of Glass,Tacoma,http://www.museumofglass.org/
Washington,Clark County Historical Museum,Vancouver,http://www.cchmuseum.org/
Washington,Kirkman House Museum,Walla Walla,http://www.kirkmanhousemuseum.org/
West Virginia,Heritage Farm Museum & Village,,https://www.heritagefarmmuseum.com/
West Virginia,Huntington Museum of Art,,https://www.hmoa.org/
West Virginia,The Clay Center for the Arts & Sciences,,http://theclaycenter.org/
Wisconsin,Beloit Historical Society,,http://www.beloithistoricalsociety.com/
Wisconsin,Captain Frederick Pabst Mansion,,https://www.pabstmansion.com/
Wisconsin,Chazen Museum of Art,,http://www.chazen.wisc.edu/
Wisconsin,Chippewa Valley Museum,,https://www.cvmuseum.com/
Wisconsin,Civil War Museum,,http://www.kenosha.org/wp-civilwar
Wisconsin,Dinosaur Discovery Museum,,http://www.kenosha.org/wp-dinosaur/
Wisconsin,History Center of Washington County,,https://www.historyisfun.com/
Wisconsin,History Museum at the Castle,,http://www.myhistorymuseum.org/
Wisconsin,Jewish Museum Milwaukee,,https://jewishmuseummilwaukee.org/
Wisconsin,Kenosha Public Museum,,http://www.kenosha.org/wp-museum
Wisconsin,Madison Museum of Contemporary Art,,http://www.mmoca.org/
Wisconsin,Milwaukee Art Museum,,http://mam.org/
Wisconsin,Milwaukee Public Museum,,http://www.mpm.edu/
Wisconsin,Racine Art Museum,,http://www.ramart.org/
Wisconsin,Trout Museum of Art,,http://www.troutmuseum.org/
Wisconsin,Rahr West Art Museum,Manitowoc,http://www.rahrwestartmuseum.org/
Wisconsin,Haggerty Museum of Art,Marquette University,http://marquette.edu/haggerty
Wisconsin,Bergstrom-Mahler Museum,Neenah,http://www.paperweightmuseum.com/
Wyoming,Art Association of Jackson Hole,,http://artassociation.org/
Wyoming,Buffalo Bill Center of the West,,http://www.walkerart.org/membership/://centerofthewest.org/
Wyoming,Heart Mountain Interpretive Center,,http://www.heartmountain.org/
Wyoming,Jackson Hole Historical Society and Museum,,https://jacksonholehistory.org/
Wyoming,Museum of the Mountain Man,,https://museumofthemountainman.com/
Wyoming,The Nicolaysen Art Museum,,http://thenic.org/
Wyoming,University of Wyoming Art Museum,,http://www.uwyo.edu/artmuseum/
Wyoming,Brinton Museum,Big Horn,http://thebrintonmuseum.org/
